user_id,product_id,affinity_score
U0001,1,3
U0001,2,5
U0001,4,3
U0001,5,1
U0001,6,1
U0001,7,1
U0001,8,1
U0001,9,3
U0001,10,1
U0001,11,1
U0001,12,2
U0001,13,6
U0001,14,17
U0001,18,3
U0001,19,2
U0001,20,2
U0002,2,2
U0002,3,5
U0002,5,1
U0002,9,1
U0002,10,4
U0002,11,1
U0002,12,2
U0002,14,13
U0002,16,6
U0002,17,2
U0002,18,2
U0002,19,11
U0002,20,1
U0003,2,1
U0003,4,3
U0003,6,1
U0003,7,1
U0003,8,3
U0003,9,7
U0003,10,1
U0003,11,2
U0003,13,1
U0003,14,2
U0003,17,3
U0004,1,2
U0004,2,6
U0004,7,3
U0004,9,2
U0004,10,1
U0004,16,1
U0004,17,12
U0004,19,2
U0004,20,10
U0005,2,7
U0005,3,1
U0005,4,7
U0005,7,2
U0005,8,6
U0005,10,5
U0005,11,5
U0005,12,10
U0005,13,1
U0005,15,3
U0005,17,4
U0005,18,1
U0005,19,1
U0005,20,1
U0006,5,1
U0006,6,1
U0006,7,5
U0006,9,4
U0006,10,5
U0006,12,5
U0006,13,10
U0006,14,3
U0006,15,7
U0006,16,1
U0006,18,1
U0006,19,1
U0006,20,2
U0007,2,2
U0007,3,1
U0007,4,3
U0007,5,1
U0007,6,2
U0007,7,1
U0007,11,1
U0007,13,1
U0007,14,6
U0007,15,1
U0007,16,2
U0007,17,20
U0007,19,1
U0007,20,2
U0008,1,4
U0008,2,10
U0008,3,3
U0008,4,1
U0008,5,1
U0008,6,3
U0008,7,4
U0008,10,2
U0008,11,2
U0008,12,5
U0008,13,3
U0008,15,1
U0008,16,1
U0008,17,2
U0008,19,4
U0009,1,2
U0009,2,2
U0009,3,2
U0009,4,1
U0009,8,2
U0009,10,2
U0009,11,1
U0009,13,8
U0009,14,1
U0009,17,4
U0009,18,4
U0009,20,4
U0010,1,3
U0010,2,1
U0010,3,5
U0010,5,2
U0010,6,1
U0010,7,3
U0010,8,2
U0010,9,1
U0010,10,1
U0010,12,10
U0010,13,1
U0010,14,3
U0010,17,7
U0010,18,1
U0010,20,2
U0011,1,1
U0011,2,2
U0011,3,1
U0011,7,1
U0011,9,2
U0011,10,1
U0011,11,2
U0011,12,4
U0011,14,5
U0011,18,1
U0012,1,2
U0012,3,1
U0012,4,2
U0012,5,11
U0012,6,2
U0012,7,1
U0012,11,2
U0012,12,1
U0012,13,1
U0012,15,7
U0012,16,2
U0012,17,3
U0012,18,1
U0012,19,4
U0013,1,2
U0013,3,3
U0013,4,2
U0013,5,3
U0013,6,1
U0013,8,2
U0013,9,5
U0013,11,14
U0013,14,1
U0013,15,2
U0013,19,7
U0014,1,1
U0014,2,1
U0014,4,1
U0014,9,3
U0014,10,1
U0014,11,6
U0014,12,3
U0014,14,2
U0014,18,1
U0014,19,2
U0014,20,11
U0015,1,7
U0015,3,1
U0015,4,3
U0015,5,1
U0015,7,1
U0015,9,2
U0015,10,1
U0015,11,4
U0015,16,3
U0015,17,1
U0015,18,2
U0015,19,1
U0015,20,2
U0016,2,1
U0016,3,5
U0016,8,1
U0016,9,11
U0016,11,1
U0016,12,11
U0016,13,10
U0016,14,2
U0016,16,1
U0016,19,1
U0016,20,5
U0017,1,2
U0017,3,2
U0017,4,3
U0017,5,2
U0017,7,20
U0017,9,1
U0017,11,1
U0017,12,3
U0017,13,1
U0017,15,2
U0017,17,5
U0017,18,2
U0017,19,2
U0017,20,10
U0018,2,12
U0018,4,3
U0018,5,1
U0018,7,2
U0018,12,1
U0018,15,2
U0018,16,2
U0018,17,2
U0018,18,2
U0018,19,5
U0018,20,1
U0019,3,3
U0019,4,5
U0019,5,1
U0019,6,1
U0019,7,2
U0019,8,14
U0019,9,5
U0019,10,2
U0019,11,2
U0019,12,4
U0019,16,1
U0019,17,1
U0019,18,10
U0019,19,6
U0019,20,1
U0020,1,2
U0020,3,2
U0020,6,6
U0020,7,5
U0020,8,1
U0020,11,1
U0020,13,4
U0020,15,5
U0020,19,2
U0020,20,2
U0021,1,1
U0021,2,1
U0021,3,4
U0021,4,2
U0021,5,1
U0021,6,12
U0021,7,3
U0021,9,1
U0021,10,3
U0021,12,1
U0021,13,7
U0021,14,1
U0021,15,12
U0021,16,1
U0021,19,2
U0021,20,3
U0022,1,2
U0022,3,1
U0022,6,1
U0022,7,2
U0022,8,1
U0022,9,3
U0022,10,2
U0022,11,7
U0022,13,2
U0022,14,7
U0022,15,3
U0022,17,1
U0022,19,5
U0022,20,2
U0023,1,1
U0023,2,2
U0023,5,1
U0023,7,4
U0023,8,6
U0023,11,3
U0023,12,7
U0023,13,2
U0023,17,1
U0023,20,2
U0024,1,5
U0024,3,1
U0024,5,1
U0024,6,2
U0024,10,1
U0024,13,2
U0024,14,1
U0024,15,2
U0024,17,4
U0024,18,6
U0024,19,2
U0024,20,1
U0025,2,1
U0025,3,2
U0025,4,3
U0025,5,1
U0025,7,3
U0025,8,1
U0025,9,1
U0025,10,1
U0025,11,5
U0025,13,1
U0025,15,1
U0025,17,2
U0025,19,2
U0026,1,6
U0026,3,5
U0026,4,6
U0026,6,2
U0026,10,1
U0026,12,13
U0026,14,3
U0026,15,1
U0026,16,2
U0026,19,1
U0026,20,5
U0027,1,9
U0027,2,7
U0027,4,1
U0027,6,1
U0027,7,7
U0027,8,1
U0027,13,1
U0027,14,1
U0027,15,1
U0027,17,1
U0027,18,2
U0027,19,3
U0027,20,2
U0028,1,2
U0028,2,1
U0028,3,2
U0028,4,3
U0028,6,2
U0028,8,3
U0028,10,1
U0028,11,3
U0028,13,1
U0028,15,1
U0028,17,2
U0028,18,1
U0028,19,12
U0029,1,2
U0029,3,1
U0029,4,3
U0029,6,1
U0029,7,1
U0029,9,5
U0029,10,2
U0029,11,11
U0029,13,11
U0029,14,1
U0029,17,3
U0029,19,2
U0030,2,2
U0030,6,7
U0030,7,2
U0030,11,4
U0030,13,6
U0030,14,5
U0030,15,8
U0030,16,7
U0030,17,2
U0030,18,6
U0030,19,1
U0030,20,1
U0031,1,2
U0031,2,1
U0031,3,2
U0031,5,2
U0031,7,7
U0031,11,1
U0031,14,14
U0031,15,2
U0031,18,4
U0031,19,2
U0031,20,10
U0032,2,15
U0032,4,1
U0032,5,2
U0032,7,2
U0032,8,7
U0032,9,3
U0032,11,4
U0032,12,2
U0032,15,20
U0032,17,1
U0032,18,4
U0032,19,2
U0032,20,4
U0033,1,1
U0033,6,1
U0033,9,3
U0033,10,4
U0033,11,1
U0033,13,1
U0033,14,14
U0033,16,6
U0034,2,1
U0034,3,1
U0034,5,4
U0034,6,2
U0034,8,3
U0034,9,2
U0034,10,1
U0034,11,1
U0034,13,2
U0034,14,5
U0034,15,3
U0034,16,10
U0035,2,2
U0035,3,3
U0035,4,2
U0035,8,6
U0035,9,2
U0035,10,2
U0035,11,1
U0035,12,5
U0035,14,12
U0035,15,2
U0035,16,2
U0035,18,1
U0036,2,1
U0036,3,2
U0036,4,10
U0036,6,2
U0036,8,7
U0036,11,8
U0036,15,1
U0036,16,1
U0036,18,2
U0036,20,2
U0037,1,4
U0037,2,3
U0037,3,1
U0037,4,1
U0037,5,13
U0037,7,1
U0037,8,2
U0037,9,10
U0037,10,1
U0037,11,7
U0037,14,2
U0037,15,10
U0037,16,2
U0037,17,3
U0038,1,1
U0038,3,2
U0038,6,13
U0038,7,6
U0038,8,6
U0038,9,1
U0038,10,1
U0038,11,2
U0038,12,6
U0038,13,4
U0038,14,3
U0038,16,5
U0038,20,5
U0039,6,1
U0039,9,1
U0039,10,1
U0039,11,1
U0039,12,1
U0039,14,1
U0039,15,2
U0039,16,2
U0039,17,2
U0039,18,2
U0039,20,1
U0040,2,2
U0040,4,2
U0040,5,6
U0040,6,3
U0040,8,1
U0040,11,4
U0040,12,1
U0040,15,4
U0040,16,11
U0040,17,2
U0040,18,1
U0040,19,2
U0041,1,1
U0041,3,4
U0041,4,2
U0041,5,1
U0041,6,1
U0041,7,4
U0041,8,1
U0041,9,6
U0041,10,2
U0041,11,1
U0041,12,1
U0041,14,1
U0041,16,6
U0041,18,2
U0041,19,2
U0042,1,11
U0042,5,1
U0042,7,2
U0042,9,3
U0042,10,3
U0042,11,11
U0042,12,1
U0042,17,5
U0042,20,1
U0043,1,3
U0043,4,10
U0043,5,12
U0043,7,2
U0043,9,1
U0043,13,3
U0043,14,5
U0043,18,1
U0043,19,3
U0043,20,1
U0044,1,1
U0044,2,10
U0044,3,1
U0044,4,3
U0044,5,3
U0044,6,1
U0044,8,5
U0044,9,2
U0044,11,2
U0044,12,5
U0044,13,6
U0044,14,2
U0044,16,2
U0044,17,11
U0044,18,3
U0045,1,14
U0045,2,4
U0045,3,1
U0045,4,2
U0045,5,2
U0045,6,1
U0045,7,2
U0045,8,2
U0045,11,3
U0045,14,11
U0045,16,2
U0045,18,10
U0045,19,1
U0046,1,2
U0046,2,1
U0046,3,1
U0046,4,5
U0046,5,10
U0046,6,3
U0046,9,1
U0046,10,5
U0046,11,2
U0046,12,1
U0046,13,1
U0046,15,3
U0046,17,5
U0046,19,5
U0046,20,2
U0047,2,1
U0047,3,1
U0047,6,1
U0047,9,7
U0047,14,4
U0047,16,1
U0047,17,2
U0047,18,1
U0047,20,6
U0048,2,7
U0048,3,7
U0048,5,1
U0048,7,1
U0048,8,1
U0048,10,2
U0048,11,11
U0048,12,1
U0048,13,5
U0048,14,3
U0048,16,1
U0048,17,1
U0049,1,5
U0049,2,2
U0049,3,1
U0049,6,4
U0049,7,1
U0049,10,2
U0049,11,5
U0049,12,3
U0049,13,5
U0049,14,3
U0049,15,11
U0049,16,2
U0049,18,1
U0049,19,8
U0050,1,6
U0050,2,2
U0050,3,11
U0050,4,2
U0050,5,1
U0050,6,2
U0050,7,2
U0050,9,1
U0050,10,2
U0050,11,2
U0050,12,4
U0050,14,1
U0050,15,5
U0050,18,8
U0050,20,6
U0051,2,2
U0051,3,4
U0051,4,1
U0051,5,2
U0051,6,1
U0051,11,2
U0051,13,1
U0051,14,2
U0051,16,1
U0051,17,1
U0051,18,1
U0051,19,1
U0051,20,1
U0052,1,1
U0052,2,1
U0052,4,1
U0052,5,2
U0052,8,3
U0052,9,4
U0052,10,3
U0052,11,1
U0052,13,2
U0052,14,1
U0052,15,1
U0052,17,1
U0052,18,2
U0052,19,4
U0053,1,1
U0053,2,3
U0053,4,2
U0053,5,1
U0053,7,2
U0053,10,2
U0053,13,5
U0053,14,3
U0053,15,1
U0053,16,2
U0053,17,2
U0053,18,1
U0053,19,16
U0053,20,2
U0054,1,3
U0054,3,2
U0054,4,1
U0054,5,1
U0054,6,1
U0054,8,1
U0054,10,4
U0054,11,1
U0054,12,5
U0054,13,2
U0054,14,1
U0054,16,4
U0054,20,6
U0055,1,3
U0055,3,1
U0055,4,3
U0055,5,4
U0055,6,2
U0055,7,5
U0055,8,1
U0055,9,2
U0055,11,6
U0055,12,3
U0055,13,2
U0055,14,1
U0055,15,1
U0055,16,2
U0055,18,1
U0056,1,1
U0056,3,2
U0056,5,6
U0056,7,1
U0056,8,5
U0056,11,5
U0056,12,2
U0056,15,1
U0056,16,2
U0056,17,2
U0056,19,1
U0056,20,2
U0057,1,1
U0057,2,2
U0057,3,1
U0057,4,3
U0057,10,5
U0057,12,1
U0057,14,3
U0057,15,2
U0057,16,4
U0057,17,3
U0057,19,5
U0057,20,2
U0058,1,6
U0058,3,1
U0058,7,13
U0058,8,1
U0058,9,5
U0058,10,7
U0058,12,10
U0058,13,2
U0058,14,1
U0058,15,1
U0058,16,2
U0058,17,11
U0058,20,1
U0059,2,1
U0059,3,10
U0059,4,3
U0059,5,3
U0059,6,1
U0059,7,2
U0059,8,1
U0059,9,3
U0059,12,2
U0059,15,1
U0059,16,4
U0059,18,6
U0060,3,2
U0060,4,2
U0060,6,2
U0060,7,3
U0060,10,3
U0060,11,10
U0060,12,2
U0060,13,3
U0060,16,7
U0060,17,2
U0060,18,3
U0060,19,2
U0061,1,2
U0061,4,3
U0061,5,3
U0061,7,4
U0061,10,2
U0061,12,7
U0061,13,1
U0061,14,17
U0061,16,1
U0061,17,1
U0061,19,6
U0061,20,1
U0062,1,4
U0062,2,1
U0062,3,1
U0062,6,4
U0062,7,4
U0062,11,4
U0062,12,2
U0062,13,3
U0062,14,1
U0062,19,7
U0062,20,1
U0063,2,5
U0063,3,2
U0063,5,1
U0063,7,1
U0063,8,2
U0063,10,1
U0063,11,10
U0063,13,5
U0063,14,2
U0063,15,5
U0063,17,4
U0063,18,8
U0063,20,15
U0064,1,3
U0064,2,3
U0064,3,11
U0064,5,11
U0064,8,1
U0064,10,3
U0064,11,10
U0064,13,6
U0064,15,2
U0064,16,8
U0064,18,2
U0064,19,3
U0065,1,1
U0065,2,2
U0065,5,4
U0065,6,5
U0065,7,2
U0065,8,7
U0065,9,3
U0065,10,3
U0065,11,10
U0065,12,1
U0065,14,2
U0065,15,1
U0065,16,3
U0065,18,1
U0066,1,2
U0066,5,2
U0066,7,5
U0066,8,1
U0066,9,1
U0066,10,5
U0066,12,3
U0066,13,16
U0066,15,3
U0066,17,2
U0066,18,4
U0066,19,2
U0067,2,2
U0067,3,1
U0067,5,1
U0067,6,2
U0067,7,2
U0067,8,5
U0067,9,4
U0067,11,2
U0067,12,2
U0067,13,1
U0067,14,3
U0067,15,2
U0067,16,1
U0067,17,1
U0067,19,2
U0067,20,3
U0068,6,1
U0068,7,2
U0068,8,1
U0068,9,5
U0068,10,2
U0068,11,1
U0068,12,1
U0068,13,3
U0068,14,1
U0068,15,3
U0068,19,3
U0068,20,1
U0069,2,5
U0069,3,6
U0069,4,3
U0069,7,1
U0069,11,3
U0069,12,1
U0069,14,1
U0069,16,1
U0069,17,3
U0069,18,1
U0069,19,2
U0069,20,5
U0070,1,3
U0070,2,2
U0070,5,1
U0070,8,1
U0070,9,1
U0070,11,1
U0070,15,1
U0070,17,5
U0070,18,7
U0071,1,20
U0071,2,10
U0071,4,7
U0071,5,1
U0071,6,2
U0071,8,11
U0071,14,2
U0071,15,10
U0071,17,5
U0071,18,2
U0071,19,4
U0072,3,2
U0072,6,2
U0072,10,1
U0072,12,1
U0072,13,10
U0072,14,1
U0072,16,2
U0072,17,6
U0072,18,12
U0072,19,1
U0073,2,4
U0073,4,4
U0073,5,3
U0073,6,3
U0073,9,3
U0073,10,2
U0073,11,2
U0073,13,2
U0073,16,1
U0073,17,7
U0073,18,1
U0073,19,1
U0073,20,4
U0074,2,7
U0074,6,10
U0074,10,1
U0074,16,1
U0074,18,2
U0075,2,2
U0075,4,3
U0075,5,2
U0075,6,2
U0075,7,1
U0075,8,1
U0075,11,3
U0075,12,2
U0075,15,5
U0075,16,1
U0075,18,14
U0075,20,15
U0076,3,2
U0076,4,3
U0076,5,7
U0076,6,2
U0076,7,1
U0076,9,2
U0076,10,6
U0076,12,5
U0076,14,2
U0076,17,5
U0076,18,3
U0076,19,12
U0076,20,1
U0077,1,12
U0077,2,2
U0077,3,10
U0077,5,2
U0077,6,2
U0077,7,1
U0077,8,6
U0077,9,3
U0077,10,1
U0077,11,2
U0077,13,1
U0077,16,11
U0077,17,1
U0077,18,14
U0077,20,2
U0078,2,1
U0078,5,3
U0078,6,1
U0078,9,2
U0078,10,1
U0078,11,12
U0078,13,1
U0078,14,11
U0078,15,1
U0078,16,2
U0078,17,1
U0078,18,5
U0078,19,1
U0078,20,2
U0079,4,2
U0079,5,1
U0079,7,10
U0079,10,3
U0079,12,6
U0079,13,3
U0079,14,3
U0079,15,2
U0079,17,2
U0079,18,3
U0079,19,13
U0080,1,11
U0080,3,17
U0080,5,2
U0080,7,3
U0080,8,1
U0080,9,5
U0080,10,1
U0080,11,7
U0080,13,2
U0080,14,2
U0080,20,2
U0081,1,4
U0081,4,1
U0081,5,2
U0081,8,6
U0081,9,5
U0081,11,1
U0081,12,1
U0081,13,7
U0081,16,5
U0081,17,5
U0081,18,1
U0081,20,1
U0082,2,1
U0082,4,3
U0082,5,3
U0082,6,12
U0082,7,2
U0082,8,8
U0082,12,2
U0082,13,2
U0082,15,1
U0082,16,2
U0082,18,2
U0082,19,1
U0083,1,3
U0083,2,2
U0083,4,6
U0083,5,3
U0083,6,4
U0083,7,1
U0083,10,2
U0083,12,2
U0083,14,1
U0083,15,2
U0083,17,4
U0083,18,6
U0084,2,1
U0084,3,1
U0084,7,4
U0084,8,2
U0084,9,1
U0084,10,1
U0084,11,2
U0084,12,1
U0084,13,3
U0084,14,3
U0084,15,3
U0084,18,3
U0084,19,2
U0085,1,1
U0085,2,4
U0085,4,1
U0085,5,3
U0085,7,5
U0085,8,5
U0085,10,1
U0085,13,12
U0085,14,2
U0085,15,3
U0085,16,2
U0085,17,3
U0086,1,1
U0086,2,1
U0086,5,4
U0086,6,4
U0086,8,5
U0086,10,11
U0086,11,1
U0086,12,2
U0086,13,2
U0086,14,1
U0086,16,3
U0086,18,2
U0086,19,6
U0087,1,1
U0087,2,1
U0087,4,5
U0087,6,12
U0087,7,1
U0087,8,1
U0087,9,1
U0087,10,11
U0087,14,2
U0087,15,2
U0087,16,1
U0087,20,10
U0088,3,1
U0088,4,3
U0088,7,2
U0088,9,2
U0088,10,10
U0088,11,4
U0088,12,2
U0088,13,1
U0088,17,1
U0088,18,4
U0088,20,1
U0089,2,7
U0089,3,8
U0089,4,4
U0089,5,2
U0089,6,2
U0089,7,2
U0089,10,5
U0089,11,1
U0089,13,1
U0089,14,7
U0089,15,2
U0089,16,4
U0089,17,6
U0089,18,4
U0089,19,1
U0089,20,1
U0090,4,5
U0090,5,1
U0090,9,1
U0090,10,5
U0090,11,1
U0090,12,3
U0090,13,10
U0090,14,3
U0090,15,2
U0090,17,1
U0091,1,10
U0091,2,1
U0091,5,4
U0091,8,2
U0091,12,1
U0091,14,12
U0091,18,3
U0091,19,10
U0091,20,1
U0092,1,3
U0092,2,7
U0092,3,4
U0092,6,2
U0092,8,1
U0092,9,3
U0092,10,3
U0092,11,12
U0092,13,2
U0092,14,1
U0092,15,6
U0092,19,3
U0092,20,5
U0093,1,1
U0093,3,1
U0093,4,3
U0093,5,1
U0093,7,1
U0093,8,2
U0093,9,10
U0093,10,1
U0093,11,2
U0093,12,1
U0093,14,2
U0093,18,1
U0093,20,6
U0094,2,3
U0094,6,1
U0094,8,2
U0094,10,6
U0094,11,2
U0094,13,1
U0094,14,3
U0094,15,1
U0094,16,2
U0094,17,2
U0094,18,12
U0094,19,5
U0095,1,5
U0095,4,2
U0095,5,2
U0095,6,5
U0095,7,4
U0095,8,2
U0095,9,4
U0095,10,4
U0095,11,2
U0095,12,3
U0095,13,1
U0095,16,3
U0095,17,3
U0095,19,1
U0095,20,1
U0096,1,4
U0096,5,2
U0096,6,4
U0096,8,3
U0096,9,3
U0096,10,2
U0096,13,2
U0096,14,1
U0096,16,3
U0096,18,10
U0096,19,1
U0096,20,1
U0097,1,5
U0097,2,1
U0097,3,1
U0097,4,2
U0097,8,2
U0097,10,1
U0097,11,2
U0097,12,1
U0097,13,2
U0097,14,1
U0097,15,1
U0097,16,2
U0097,18,2
U0097,19,1
U0098,3,2
U0098,5,1
U0098,6,1
U0098,7,2
U0098,8,2
U0098,10,1
U0098,11,2
U0098,14,4
U0098,16,1
U0098,18,2
U0098,19,1
U0098,20,2
U0099,2,5
U0099,4,3
U0099,7,1
U0099,13,1
U0099,18,1
U0100,2,1
U0100,6,5
U0100,7,1
U0100,9,1
U0100,10,3
U0100,11,2
U0100,14,4
U0100,15,11
U0100,16,4
U0100,17,2
U0100,18,2
U0100,19,3
U0100,20,5
U0101,1,2
U0101,2,1
U0101,3,2
U0101,4,2
U0101,5,7
U0101,6,6
U0101,8,5
U0101,9,2
U0101,10,3
U0101,12,3
U0101,14,2
U0101,15,1
U0101,16,2
U0101,17,5
U0101,19,1
U0101,20,1
U0102,1,1
U0102,6,3
U0102,8,1
U0102,10,1
U0102,13,6
U0102,15,2
U0102,19,1
U0102,20,2
U0103,1,1
U0103,2,2
U0103,3,2
U0103,4,5
U0103,5,2
U0103,8,1
U0103,10,3
U0103,11,2
U0103,14,1
U0103,15,2
U0103,16,3
U0103,18,1
U0103,19,7
U0103,20,7
U0104,2,2
U0104,5,3
U0104,6,1
U0104,7,5
U0104,9,2
U0104,14,2
U0104,19,2
U0104,20,2
U0105,2,1
U0105,3,1
U0105,4,2
U0105,5,7
U0105,7,6
U0105,8,5
U0105,9,2
U0105,10,10
U0105,12,2
U0105,16,1
U0105,17,1
U0105,20,5
U0106,1,1
U0106,3,11
U0106,4,2
U0106,5,1
U0106,6,2
U0106,7,2
U0106,8,2
U0106,9,2
U0106,10,1
U0106,11,2
U0106,13,3
U0106,14,4
U0106,15,1
U0106,17,2
U0106,18,5
U0106,19,1
U0106,20,1
U0107,1,3
U0107,2,1
U0107,3,1
U0107,4,2
U0107,5,6
U0107,6,1
U0107,7,6
U0107,8,11
U0107,10,3
U0107,12,3
U0107,13,2
U0107,14,9
U0107,18,3
U0107,19,3
U0107,20,8
U0108,1,6
U0108,3,14
U0108,5,1
U0108,6,2
U0108,7,11
U0108,8,3
U0108,10,1
U0108,13,7
U0108,14,10
U0108,15,2
U0108,17,4
U0108,20,1
U0109,1,2
U0109,2,2
U0109,4,3
U0109,5,10
U0109,6,1
U0109,8,1
U0109,9,13
U0109,12,2
U0109,13,5
U0109,15,6
U0109,16,10
U0109,18,2
U0109,20,1
U0110,2,2
U0110,6,2
U0110,9,3
U0110,10,1
U0110,12,3
U0110,13,10
U0110,14,2
U0110,15,4
U0110,17,1
U0110,18,7
U0110,19,8
U0110,20,1
U0111,1,4
U0111,2,3
U0111,3,1
U0111,5,5
U0111,6,1
U0111,7,3
U0111,9,6
U0111,12,3
U0111,13,3
U0111,14,3
U0111,15,2
U0111,17,1
U0111,18,3
U0111,19,2
U0112,1,5
U0112,2,5
U0112,5,2
U0112,6,1
U0112,7,2
U0112,8,1
U0112,12,3
U0112,14,4
U0112,15,1
U0112,16,2
U0112,17,2
U0112,19,7
U0112,20,3
U0113,1,1
U0113,2,1
U0113,3,7
U0113,4,1
U0113,5,1
U0113,6,2
U0113,7,2
U0113,9,2
U0113,12,2
U0113,13,1
U0113,15,1
U0113,16,2
U0113,18,12
U0114,2,1
U0114,3,2
U0114,4,1
U0114,6,1
U0114,7,1
U0114,9,1
U0114,10,1
U0114,11,1
U0114,13,1
U0114,16,14
U0114,17,1
U0114,18,2
U0114,20,1
U0115,4,1
U0115,6,2
U0115,7,1
U0115,8,5
U0115,9,1
U0115,10,1
U0115,13,1
U0115,15,5
U0115,16,2
U0115,18,10
U0116,2,3
U0116,4,1
U0116,6,10
U0116,8,4
U0116,9,3
U0116,10,1
U0116,11,1
U0116,12,3
U0116,17,2
U0116,18,1
U0116,19,2
U0116,20,2
U0117,3,2
U0117,6,1
U0117,7,5
U0117,8,11
U0117,9,3
U0117,10,1
U0117,12,10
U0117,15,2
U0117,16,5
U0117,17,1
U0117,18,3
U0117,19,6
U0118,1,2
U0118,2,10
U0118,6,2
U0118,7,15
U0118,10,1
U0118,11,1
U0118,13,1
U0118,17,2
U0118,18,1
U0118,19,2
U0119,1,7
U0119,5,5
U0119,8,1
U0119,9,5
U0119,10,1
U0119,11,7
U0119,13,3
U0119,15,1
U0119,16,3
U0119,17,1
U0119,18,2
U0119,19,1
U0120,2,1
U0120,3,1
U0120,4,1
U0120,5,9
U0120,7,3
U0120,8,6
U0120,9,2
U0120,10,1
U0120,11,10
U0120,12,2
U0120,14,3
U0120,15,8
U0120,17,2
U0120,18,2
U0120,20,5
U0121,2,1
U0121,3,6
U0121,4,3
U0121,5,1
U0121,6,2
U0121,8,2
U0121,10,2
U0121,11,1
U0121,12,7
U0121,13,4
U0121,14,6
U0121,15,2
U0121,17,3
U0121,18,4
U0121,19,1
U0121,20,1
U0122,4,7
U0122,5,1
U0122,6,10
U0122,13,3
U0122,14,1
U0122,15,1
U0122,16,10
U0122,17,1
U0122,18,1
U0122,19,1
U0123,2,2
U0123,3,1
U0123,4,5
U0123,8,1
U0123,9,3
U0123,12,2
U0123,13,16
U0123,16,1
U0123,18,1
U0123,20,11
U0124,2,6
U0124,3,1
U0124,5,3
U0124,6,2
U0124,7,2
U0124,8,3
U0124,10,1
U0124,11,1
U0124,14,5
U0124,16,2
U0124,18,7
U0124,20,1
U0125,2,7
U0125,4,12
U0125,5,2
U0125,7,3
U0125,8,1
U0125,9,2
U0125,11,4
U0125,14,1
U0125,15,1
U0125,16,1
U0125,17,1
U0125,19,1
U0126,2,1
U0126,3,2
U0126,4,2
U0126,6,1
U0126,7,1
U0126,8,4
U0126,9,2
U0126,10,3
U0126,11,2
U0126,12,13
U0126,13,1
U0126,14,5
U0126,18,1
U0126,20,6
U0127,4,5
U0127,5,1
U0127,6,2
U0127,7,3
U0127,9,2
U0127,10,1
U0127,11,5
U0127,15,5
U0127,17,2
U0127,20,2
U0128,2,2
U0128,4,3
U0128,5,1
U0128,7,1
U0128,8,2
U0128,9,2
U0128,10,1
U0128,12,1
U0128,13,5
U0128,14,2
U0128,15,1
U0128,17,2
U0128,19,2
U0128,20,4
U0129,1,4
U0129,3,5
U0129,5,2
U0129,6,1
U0129,7,1
U0129,8,1
U0129,9,12
U0129,12,2
U0129,14,2
U0129,15,5
U0129,16,1
U0129,20,2
U0130,1,1
U0130,6,3
U0130,7,6
U0130,8,2
U0130,9,4
U0130,10,1
U0130,13,2
U0130,14,1
U0130,18,1
U0130,20,2
U0131,2,5
U0131,4,5
U0131,5,5
U0131,6,3
U0131,7,1
U0131,8,6
U0131,9,1
U0131,10,10
U0131,11,1
U0131,15,2
U0131,16,2
U0131,18,3
U0131,19,2
U0131,20,1
U0132,1,1
U0132,3,2
U0132,6,3
U0132,7,1
U0132,8,2
U0132,9,2
U0132,10,1
U0132,12,12
U0132,13,1
U0132,18,2
U0133,1,2
U0133,4,5
U0133,8,2
U0133,9,1
U0133,10,2
U0133,11,1
U0133,14,8
U0133,15,2
U0133,16,5
U0133,17,1
U0133,18,7
U0133,20,1
U0134,1,2
U0134,2,2
U0134,4,1
U0134,5,3
U0134,7,1
U0134,8,2
U0134,10,8
U0134,13,2
U0134,14,5
U0134,15,5
U0134,16,2
U0134,17,6
U0134,18,12
U0134,19,6
U0135,1,2
U0135,3,3
U0135,4,2
U0135,5,10
U0135,7,7
U0135,9,2
U0135,10,3
U0135,11,7
U0135,12,2
U0135,14,2
U0135,15,6
U0135,17,2
U0135,18,2
U0136,1,6
U0136,2,1
U0136,3,1
U0136,4,2
U0136,5,1
U0136,7,4
U0136,9,1
U0136,10,1
U0136,11,3
U0136,12,1
U0136,13,5
U0136,15,2
U0136,18,2
U0136,20,8
U0137,3,1
U0137,5,1
U0137,6,2
U0137,9,1
U0137,11,1
U0137,14,1
U0137,15,7
U0137,18,1
U0137,19,2
U0137,20,2
U0138,2,12
U0138,3,11
U0138,4,6
U0138,5,3
U0138,6,1
U0138,7,3
U0138,12,1
U0138,13,6
U0138,15,5
U0138,17,4
U0138,18,2
U0138,19,8
U0138,20,3
U0139,1,5
U0139,2,5
U0139,3,1
U0139,7,1
U0139,8,2
U0139,9,1
U0139,11,1
U0139,12,2
U0139,13,2
U0139,14,1
U0139,15,12
U0139,16,6
U0139,19,1
U0139,20,1
U0140,1,20
U0140,2,1
U0140,6,12
U0140,8,1
U0140,9,4
U0140,10,1
U0140,11,5
U0140,12,5
U0140,13,2
U0140,15,3
U0140,18,1
U0140,20,5
U0141,1,6
U0141,2,10
U0141,3,1
U0141,4,2
U0141,7,3
U0141,8,1
U0141,9,1
U0141,12,4
U0141,13,6
U0141,16,2
U0141,17,4
U0141,18,2
U0141,19,1
U0142,1,1
U0142,2,2
U0142,3,2
U0142,4,3
U0142,5,2
U0142,6,1
U0142,8,1
U0142,9,9
U0142,10,1
U0142,11,5
U0142,13,6
U0142,15,1
U0142,16,3
U0142,17,7
U0142,18,1
U0142,19,1
U0142,20,10
U0143,1,17
U0143,2,1
U0143,5,1
U0143,8,2
U0143,9,1
U0143,10,2
U0143,11,8
U0143,12,3
U0143,13,1
U0143,15,1
U0143,16,5
U0143,18,1
U0143,19,1
U0143,20,2
U0144,1,2
U0144,2,1
U0144,3,1
U0144,4,2
U0144,7,4
U0144,8,1
U0144,9,2
U0144,12,1
U0144,13,2
U0144,15,1
U0144,16,1
U0144,17,6
U0144,18,6
U0144,19,2
U0144,20,12
U0145,1,1
U0145,2,1
U0145,3,1
U0145,4,1
U0145,8,1
U0145,9,1
U0145,10,1
U0145,11,2
U0145,12,3
U0145,14,2
U0145,16,3
U0145,19,2
U0145,20,5
U0146,1,1
U0146,4,5
U0146,9,3
U0146,10,1
U0146,11,1
U0146,13,3
U0146,14,1
U0146,16,12
U0146,18,1
U0146,20,1
U0147,5,2
U0147,6,7
U0147,11,2
U0147,12,7
U0147,13,3
U0147,15,1
U0147,16,2
U0147,19,1
U0148,1,1
U0148,2,1
U0148,3,1
U0148,4,2
U0148,5,3
U0148,6,11
U0148,8,6
U0148,9,3
U0148,10,12
U0148,13,2
U0148,14,13
U0148,17,1
U0148,18,3
U0148,19,1
U0149,1,10
U0149,2,2
U0149,5,4
U0149,6,1
U0149,9,7
U0149,12,2
U0149,14,1
U0149,15,1
U0149,16,1
U0149,17,10
U0149,18,11
U0149,19,4
U0150,2,2
U0150,3,4
U0150,4,1
U0150,5,2
U0150,7,2
U0150,8,20
U0150,9,1
U0150,10,10
U0150,11,13
U0150,12,1
U0150,13,1
U0150,14,2
U0150,17,3
U0150,19,2
U0150,20,10
U0151,1,2
U0151,3,7
U0151,4,10
U0151,6,1
U0151,7,10
U0151,8,1
U0151,10,1
U0151,12,6
U0151,13,5
U0151,17,1
U0151,18,1
U0151,19,1
U0151,20,2
U0152,2,2
U0152,3,2
U0152,4,6
U0152,6,1
U0152,8,1
U0152,9,2
U0152,10,10
U0152,13,3
U0152,14,10
U0152,17,1
U0152,18,1
U0152,19,2
U0152,20,10
U0153,1,1
U0153,3,1
U0153,4,8
U0153,5,1
U0153,6,10
U0153,7,4
U0153,8,1
U0153,9,3
U0153,10,1
U0153,11,7
U0153,12,2
U0153,13,1
U0153,14,8
U0153,15,1
U0153,16,2
U0153,17,3
U0153,18,11
U0153,20,7
U0154,3,1
U0154,4,4
U0154,5,1
U0154,10,3
U0154,12,1
U0154,13,2
U0154,18,1
U0155,1,12
U0155,3,1
U0155,4,2
U0155,6,2
U0155,7,1
U0155,8,2
U0155,9,9
U0155,10,3
U0155,11,6
U0155,13,1
U0155,15,1
U0155,17,1
U0155,19,2
U0156,2,2
U0156,3,9
U0156,5,5
U0156,7,1
U0156,9,3
U0156,10,2
U0156,11,13
U0156,12,1
U0156,13,3
U0156,16,6
U0156,18,1
U0156,19,7
U0157,1,1
U0157,2,1
U0157,5,11
U0157,7,1
U0157,8,1
U0157,12,1
U0157,13,1
U0157,14,2
U0157,15,1
U0157,16,1
U0157,17,2
U0157,18,3
U0157,19,5
U0157,20,5
U0158,1,1
U0158,4,2
U0158,10,10
U0158,11,2
U0158,12,7
U0158,13,1
U0158,14,2
U0158,15,2
U0158,16,2
U0158,17,1
U0158,18,1
U0158,19,8
U0159,1,1
U0159,2,5
U0159,6,1
U0159,7,1
U0159,10,1
U0159,11,8
U0159,13,2
U0159,14,4
U0159,15,6
U0159,16,2
U0159,17,2
U0159,20,2
U0160,3,2
U0160,4,3
U0160,5,10
U0160,6,11
U0160,7,2
U0160,8,1
U0160,12,6
U0160,13,1
U0160,14,5
U0160,17,5
U0160,18,2
U0160,20,1
U0161,1,3
U0161,2,11
U0161,4,2
U0161,6,4
U0161,7,1
U0161,8,1
U0161,10,2
U0161,11,1
U0161,14,3
U0161,15,3
U0161,17,4
U0161,18,7
U0161,19,11
U0161,20,1
U0162,3,3
U0162,4,1
U0162,5,6
U0162,6,3
U0162,7,2
U0162,8,1
U0162,10,5
U0162,13,3
U0162,14,1
U0162,16,1
U0162,17,1
U0162,18,3
U0162,19,2
U0162,20,4
U0163,1,5
U0163,2,2
U0163,4,2
U0163,9,2
U0163,10,2
U0163,12,4
U0163,13,1
U0163,14,1
U0163,16,5
U0163,17,7
U0163,18,1
U0163,20,3
U0164,3,1
U0164,4,1
U0164,6,2
U0164,8,3
U0164,9,3
U0164,10,1
U0164,12,1
U0164,13,1
U0164,14,1
U0164,15,3
U0164,17,1
U0164,18,3
U0164,19,2
U0165,1,3
U0165,2,1
U0165,3,6
U0165,4,2
U0165,5,5
U0165,9,1
U0165,12,4
U0165,14,1
U0165,15,1
U0165,17,3
U0165,18,2
U0165,20,1
U0166,1,1
U0166,3,1
U0166,5,5
U0166,7,1
U0166,8,2
U0166,9,1
U0166,10,14
U0166,12,5
U0166,14,1
U0166,15,3
U0166,16,1
U0166,17,2
U0166,18,1
U0166,19,5
U0166,20,2
U0167,1,1
U0167,2,3
U0167,4,4
U0167,5,1
U0167,6,3
U0167,8,1
U0167,9,5
U0167,10,1
U0167,11,3
U0167,12,1
U0167,14,15
U0167,16,4
U0167,19,2
U0167,20,1
U0168,1,1
U0168,3,1
U0168,5,4
U0168,6,1
U0168,8,2
U0168,9,1
U0168,10,2
U0168,12,18
U0168,13,3
U0168,15,1
U0168,17,2
U0168,18,6
U0168,19,1
U0168,20,6
U0169,1,4
U0169,3,4
U0169,4,2
U0169,5,3
U0169,8,3
U0169,9,7
U0169,10,3
U0169,11,1
U0169,13,3
U0169,14,5
U0169,17,1
U0169,19,3
U0169,20,1
U0170,1,6
U0170,2,1
U0170,4,2
U0170,5,4
U0170,6,1
U0170,7,2
U0170,8,2
U0170,9,6
U0170,11,3
U0170,12,1
U0170,13,5
U0170,15,1
U0170,17,2
U0170,20,5
U0171,1,1
U0171,2,10
U0171,3,1
U0171,4,1
U0171,5,2
U0171,6,2
U0171,11,2
U0171,12,1
U0171,14,4
U0171,15,2
U0171,16,1
U0171,20,3
U0172,1,3
U0172,2,7
U0172,3,2
U0172,6,1
U0172,8,3
U0172,10,1
U0172,11,2
U0172,12,4
U0172,13,1
U0172,16,3
U0172,17,3
U0172,18,13
U0172,19,1
U0173,1,5
U0173,2,2
U0173,3,1
U0173,5,2
U0173,6,2
U0173,7,2
U0173,9,1
U0173,10,1
U0173,13,2
U0173,14,1
U0173,17,3
U0173,18,1
U0173,19,1
U0174,6,3
U0174,7,1
U0174,8,3
U0174,12,18
U0174,13,3
U0174,15,1
U0174,18,2
U0175,1,1
U0175,3,3
U0175,4,2
U0175,5,1
U0175,6,2
U0175,7,1
U0175,9,1
U0175,10,2
U0175,13,6
U0175,14,1
U0175,17,2
U0175,18,2
U0175,19,1
U0176,2,15
U0176,3,2
U0176,5,4
U0176,7,2
U0176,8,1
U0176,9,3
U0176,10,3
U0176,11,1
U0176,12,2
U0176,13,5
U0176,15,2
U0176,17,2
U0176,18,3
U0176,19,1
U0177,1,1
U0177,2,6
U0177,3,1
U0177,4,1
U0177,5,1
U0177,6,3
U0177,8,1
U0177,10,4
U0177,11,13
U0177,14,1
U0177,16,2
U0177,18,2
U0177,19,7
U0177,20,2
U0178,1,1
U0178,3,1
U0178,7,1
U0178,8,1
U0178,11,1
U0178,12,3
U0178,13,1
U0178,18,3
U0178,19,6
U0178,20,11
U0179,1,4
U0179,4,1
U0179,6,1
U0179,8,3
U0179,9,2
U0179,11,5
U0179,12,3
U0179,14,4
U0179,16,4
U0179,17,7
U0179,18,5
U0179,20,2
U0180,4,2
U0180,6,2
U0180,7,2
U0180,8,2
U0180,9,2
U0180,11,2
U0180,12,2
U0180,13,1
U0180,18,1
U0181,1,1
U0181,2,1
U0181,3,2
U0181,4,1
U0181,5,2
U0181,6,1
U0181,8,3
U0181,10,1
U0181,11,2
U0181,13,2
U0181,16,13
U0181,17,1
U0181,20,7
U0182,2,1
U0182,9,2
U0182,11,1
U0182,13,5
U0182,14,1
U0182,15,1
U0182,19,2
U0183,1,2
U0183,2,1
U0183,3,1
U0183,4,1
U0183,5,3
U0183,6,10
U0183,11,2
U0183,12,1
U0183,13,1
U0183,15,8
U0183,16,1
U0183,17,2
U0183,18,3
U0183,20,3
U0184,2,1
U0184,3,1
U0184,6,2
U0184,7,5
U0184,8,6
U0184,9,8
U0184,11,3
U0184,12,2
U0184,13,1
U0184,14,10
U0184,15,3
U0184,16,2
U0184,18,10
U0184,19,3
U0184,20,1
U0185,1,1
U0185,2,12
U0185,3,1
U0185,4,4
U0185,5,2
U0185,7,2
U0185,8,2
U0185,9,3
U0185,12,1
U0185,13,4
U0185,15,3
U0185,16,6
U0185,17,6
U0185,18,2
U0185,19,1
U0185,20,1
U0186,2,2
U0186,3,1
U0186,4,1
U0186,10,4
U0186,11,1
U0186,12,1
U0186,13,2
U0186,14,3
U0186,15,3
U0186,16,3
U0186,19,5
U0186,20,1
U0187,2,1
U0187,4,1
U0187,7,3
U0187,8,1
U0187,9,1
U0187,10,2
U0187,11,2
U0187,13,2
U0187,14,1
U0187,16,2
U0187,17,2
U0187,19,2
U0188,2,1
U0188,3,1
U0188,5,5
U0188,6,5
U0188,7,1
U0188,8,1
U0188,11,1
U0188,12,1
U0188,13,10
U0188,16,1
U0188,17,1
U0188,18,1
U0189,1,6
U0189,4,3
U0189,5,1
U0189,6,1
U0189,7,2
U0189,9,1
U0189,11,5
U0189,12,3
U0189,13,5
U0189,14,2
U0189,15,5
U0189,16,1
U0189,17,5
U0189,18,1
U0189,19,2
U0189,20,1
U0190,1,2
U0190,4,2
U0190,5,15
U0190,7,10
U0190,9,1
U0190,13,4
U0190,14,2
U0190,15,2
U0190,16,12
U0190,17,2
U0190,19,3
U0190,20,2
U0191,1,5
U0191,3,1
U0191,4,1
U0191,5,1
U0191,7,5
U0191,8,2
U0191,10,5
U0191,11,7
U0191,12,1
U0191,13,7
U0191,14,1
U0191,15,2
U0191,16,10
U0191,18,1
U0191,19,1
U0192,1,6
U0192,3,1
U0192,4,1
U0192,6,1
U0192,7,5
U0192,8,2
U0192,10,1
U0192,12,1
U0192,13,5
U0192,14,1
U0192,15,1
U0192,17,3
U0192,19,1
U0192,20,2
U0193,1,7
U0193,2,2
U0193,3,1
U0193,5,1
U0193,6,2
U0193,7,3
U0193,8,3
U0193,9,5
U0193,10,10
U0193,12,1
U0193,13,2
U0193,14,2
U0193,15,10
U0193,16,1
U0193,17,7
U0193,20,4
U0194,1,1
U0194,2,1
U0194,5,2
U0194,6,1
U0194,8,3
U0194,9,1
U0194,10,3
U0194,11,4
U0194,12,1
U0194,14,1
U0194,15,5
U0194,17,1
U0194,18,12
U0195,1,2
U0195,2,6
U0195,3,3
U0195,6,2
U0195,7,5
U0195,8,2
U0195,9,2
U0195,10,3
U0195,12,1
U0195,13,1
U0195,18,3
U0196,5,6
U0196,6,6
U0196,7,2
U0196,9,12
U0196,10,1
U0196,12,1
U0196,13,3
U0196,17,1
U0196,18,2
U0196,19,1
U0196,20,1
U0197,1,5
U0197,2,3
U0197,4,1
U0197,5,2
U0197,6,10
U0197,7,1
U0197,9,6
U0197,10,6
U0197,13,3
U0197,15,7
U0197,19,1
U0197,20,1
U0198,8,2
U0198,10,2
U0198,12,2
U0198,14,1
U0198,15,1
U0198,17,5
U0198,19,2
U0198,20,10
U0199,2,6
U0199,5,12
U0199,6,3
U0199,8,1
U0199,9,1
U0199,10,1
U0199,12,1
U0199,13,1
U0199,14,1
U0199,15,12
U0199,16,10
U0199,17,5
U0199,18,2
U0199,19,1
U0199,20,3
U0200,4,2
U0200,5,11
U0200,6,10
U0200,8,1
U0200,9,1
U0200,10,2
U0200,12,7
U0200,14,2
U0200,16,7
U0200,17,1
U0200,20,7
U0201,1,5
U0201,3,2
U0201,4,4
U0201,5,1
U0201,6,6
U0201,8,2
U0201,11,2
U0201,12,6
U0201,13,6
U0201,16,1
U0201,17,2
U0201,18,1
U0201,19,3
U0201,20,8
U0202,1,2
U0202,2,1
U0202,3,5
U0202,6,1
U0202,7,13
U0202,8,10
U0202,9,5
U0202,10,5
U0202,11,4
U0202,13,7
U0202,14,5
U0202,15,1
U0202,20,1
U0203,5,6
U0203,6,2
U0203,7,5
U0203,8,5
U0203,9,1
U0203,10,1
U0203,13,2
U0203,15,4
U0203,16,2
U0203,17,1
U0204,2,4
U0204,5,1
U0204,6,5
U0204,7,1
U0204,8,1
U0204,9,1
U0204,10,12
U0204,12,7
U0204,14,10
U0204,15,1
U0204,16,8
U0204,19,4
U0205,1,1
U0205,2,1
U0205,4,5
U0205,8,2
U0205,9,1
U0205,10,2
U0205,11,1
U0205,14,3
U0205,17,1
U0205,19,2
U0205,20,11
U0206,1,1
U0206,3,5
U0206,4,2
U0206,6,2
U0206,8,1
U0206,10,3
U0206,11,16
U0206,12,1
U0206,13,2
U0206,14,1
U0206,15,1
U0206,16,4
U0206,18,1
U0206,19,3
U0207,1,4
U0207,3,10
U0207,4,7
U0207,5,1
U0207,6,2
U0207,7,2
U0207,8,1
U0207,9,2
U0207,13,4
U0207,15,6
U0207,16,1
U0207,17,1
U0207,18,1
U0208,2,11
U0208,3,2
U0208,4,1
U0208,7,5
U0208,8,1
U0208,9,10
U0208,10,6
U0208,12,2
U0208,13,5
U0208,14,5
U0208,15,2
U0208,16,1
U0208,17,1
U0208,18,11
U0208,19,2
U0208,20,17
U0209,2,1
U0209,3,2
U0209,4,1
U0209,6,2
U0209,8,8
U0209,9,8
U0209,10,6
U0209,11,6
U0209,13,15
U0209,14,1
U0209,16,2
U0209,17,1
U0209,18,12
U0209,19,10
U0209,20,2
U0210,2,1
U0210,4,2
U0210,6,8
U0210,8,2
U0210,10,6
U0210,11,2
U0210,12,3
U0210,13,5
U0210,14,1
U0210,15,6
U0210,16,10
U0210,18,2
U0210,20,1
U0211,1,1
U0211,6,1
U0211,8,10
U0211,10,2
U0211,11,6
U0211,15,2
U0211,16,2
U0211,17,5
U0211,20,2
U0212,1,2
U0212,2,3
U0212,4,6
U0212,5,2
U0212,6,1
U0212,8,10
U0212,9,11
U0212,10,6
U0212,15,5
U0212,16,3
U0212,17,2
U0212,18,1
U0212,19,1
U0212,20,1
U0213,1,1
U0213,2,10
U0213,3,4
U0213,4,2
U0213,5,1
U0213,6,2
U0213,8,1
U0213,9,11
U0213,10,2
U0213,11,1
U0213,17,2
U0213,18,2
U0213,19,3
U0213,20,2
U0214,1,1
U0214,2,4
U0214,3,7
U0214,4,1
U0214,5,2
U0214,6,7
U0214,10,2
U0214,11,5
U0214,12,3
U0214,15,5
U0214,16,1
U0214,17,2
U0214,20,1
U0215,1,2
U0215,2,1
U0215,3,2
U0215,4,1
U0215,5,1
U0215,6,2
U0215,8,1
U0215,10,10
U0215,12,5
U0215,13,1
U0215,14,2
U0215,15,2
U0215,16,11
U0215,17,2
U0215,19,1
U0215,20,2
U0216,2,7
U0216,4,4
U0216,6,2
U0216,7,12
U0216,12,1
U0216,13,1
U0216,15,2
U0216,16,10
U0216,17,1
U0216,19,2
U0216,20,2
U0217,1,1
U0217,3,6
U0217,4,1
U0217,6,5
U0217,8,1
U0217,12,1
U0217,13,11
U0217,14,5
U0217,15,1
U0217,16,2
U0217,18,1
U0217,19,3
U0217,20,9
U0218,2,2
U0218,3,2
U0218,4,3
U0218,5,2
U0218,7,1
U0218,9,1
U0218,11,1
U0218,12,2
U0218,13,3
U0218,14,3
U0218,17,5
U0218,18,2
U0218,20,2
U0219,4,2
U0219,6,3
U0219,7,2
U0219,8,5
U0219,11,1
U0219,12,5
U0219,16,10
U0219,17,2
U0219,19,12
U0219,20,1
U0220,2,3
U0220,5,1
U0220,6,11
U0220,7,4
U0220,8,10
U0220,10,4
U0220,11,1
U0220,12,3
U0220,14,1
U0220,15,4
U0220,16,5
U0220,17,1
U0220,20,1
U0221,2,1
U0221,3,11
U0221,4,1
U0221,6,2
U0221,7,4
U0221,10,1
U0221,12,1
U0221,14,1
U0221,16,6
U0221,17,11
U0221,19,1
U0221,20,2
U0222,1,2
U0222,2,1
U0222,3,5
U0222,4,2
U0222,5,4
U0222,7,2
U0222,9,1
U0222,14,7
U0222,15,1
U0222,17,11
U0222,19,1
U0223,1,2
U0223,2,4
U0223,3,5
U0223,4,1
U0223,5,2
U0223,7,2
U0223,8,1
U0223,9,4
U0223,10,4
U0223,11,10
U0223,12,2
U0223,14,2
U0223,17,2
U0223,19,1
U0223,20,1
U0224,1,4
U0224,3,12
U0224,4,2
U0224,5,5
U0224,6,2
U0224,7,5
U0224,8,1
U0224,12,1
U0224,13,2
U0224,16,2
U0224,19,1
U0224,20,1
U0225,3,1
U0225,6,1
U0225,7,4
U0225,9,1
U0225,11,1
U0225,13,1
U0225,15,3
U0225,16,2
U0225,18,5
U0226,1,10
U0226,2,3
U0226,3,10
U0226,4,2
U0226,5,11
U0226,6,11
U0226,7,2
U0226,8,1
U0226,9,5
U0226,10,2
U0226,11,1
U0226,12,1
U0226,13,6
U0226,15,2
U0226,18,6
U0226,19,3
U0226,20,1
U0227,1,1
U0227,2,1
U0227,3,1
U0227,4,3
U0227,5,12
U0227,7,3
U0227,8,10
U0227,9,2
U0227,10,11
U0227,12,3
U0227,13,1
U0227,15,3
U0227,17,1
U0227,18,2
U0227,20,7
U0228,1,7
U0228,3,2
U0228,5,4
U0228,10,2
U0228,11,2
U0228,14,1
U0228,16,12
U0228,18,1
U0228,19,10
U0228,20,10
U0229,1,1
U0229,2,2
U0229,3,1
U0229,7,1
U0229,9,2
U0229,10,11
U0229,11,2
U0229,14,11
U0229,17,2
U0229,19,2
U0230,1,1
U0230,2,3
U0230,5,2
U0230,7,2
U0230,9,1
U0230,10,1
U0230,15,1
U0230,16,1
U0230,17,3
U0230,20,8
U0231,1,1
U0231,2,1
U0231,4,4
U0231,5,2
U0231,6,2
U0231,7,1
U0231,8,5
U0231,10,1
U0231,11,3
U0231,12,7
U0231,19,11
U0232,1,10
U0232,2,1
U0232,4,1
U0232,7,3
U0232,8,1
U0232,9,5
U0232,10,1
U0232,12,2
U0232,13,1
U0232,14,1
U0232,16,1
U0232,17,2
U0232,18,2
U0232,20,5
U0233,2,2
U0233,5,3
U0233,6,4
U0233,10,21
U0233,12,1
U0233,14,2
U0233,15,6
U0233,17,1
U0233,18,2
U0233,19,2
U0233,20,5
U0234,1,10
U0234,2,1
U0234,3,13
U0234,4,12
U0234,10,6
U0234,13,1
U0234,15,12
U0234,16,2
U0234,19,1
U0234,20,1
U0235,4,3
U0235,6,2
U0235,7,1
U0235,9,2
U0235,10,1
U0235,11,1
U0235,12,4
U0235,13,2
U0235,14,6
U0235,15,1
U0235,17,1
U0235,18,2
U0236,1,1
U0236,2,5
U0236,3,2
U0236,4,2
U0236,5,11
U0236,6,1
U0236,7,1
U0236,11,5
U0236,14,2
U0236,15,1
U0236,16,5
U0236,17,2
U0236,18,1
U0236,19,1
U0236,20,1
U0237,4,1
U0237,5,1
U0237,6,2
U0237,7,5
U0237,8,1
U0237,9,1
U0237,11,2
U0237,12,1
U0237,13,1
U0237,14,13
U0237,15,12
U0237,16,1
U0237,17,1
U0237,18,4
U0237,19,2
U0237,20,11
U0238,1,6
U0238,2,5
U0238,4,2
U0238,5,10
U0238,7,16
U0238,13,2
U0238,17,2
U0238,19,2
U0238,20,5
U0239,3,3
U0239,4,2
U0239,5,1
U0239,6,1
U0239,7,4
U0239,8,1
U0239,9,1
U0239,10,1
U0239,11,1
U0239,13,4
U0239,14,2
U0239,15,7
U0239,16,1
U0239,17,11
U0239,20,8
U0240,1,1
U0240,2,22
U0240,3,2
U0240,4,1
U0240,6,2
U0240,7,2
U0240,8,1
U0240,9,2
U0240,10,8
U0240,11,10
U0240,13,1
U0240,14,12
U0240,15,6
U0240,16,6
U0240,18,2
U0240,20,1
U0241,1,4
U0241,2,2
U0241,3,10
U0241,7,1
U0241,8,3
U0241,9,4
U0241,10,1
U0241,12,1
U0241,13,4
U0241,15,2
U0241,16,6
U0241,17,3
U0241,18,1
U0241,19,2
U0241,20,2
U0242,3,4
U0242,8,1
U0242,9,2
U0242,10,2
U0242,11,2
U0242,17,2
U0242,18,1
U0242,19,2
U0242,20,2
U0243,1,11
U0243,2,3
U0243,3,2
U0243,4,1
U0243,5,1
U0243,6,3
U0243,7,2
U0243,9,10
U0243,10,1
U0243,13,1
U0243,15,2
U0243,17,2
U0243,18,3
U0244,4,8
U0244,5,1
U0244,8,1
U0244,9,1
U0244,10,9
U0244,11,2
U0244,12,2
U0244,14,3
U0244,15,2
U0244,17,2
U0244,18,20
U0244,20,2
U0245,3,1
U0245,4,4
U0245,5,2
U0245,6,3
U0245,7,1
U0245,9,3
U0245,10,2
U0245,11,1
U0245,12,6
U0245,13,1
U0245,14,1
U0245,15,10
U0245,19,5
U0245,20,2
U0246,1,5
U0246,2,1
U0246,3,1
U0246,4,11
U0246,5,8
U0246,6,5
U0246,9,3
U0246,10,5
U0246,11,2
U0246,12,1
U0246,14,3
U0246,15,2
U0246,16,1
U0246,19,1
U0247,1,1
U0247,2,2
U0247,3,4
U0247,4,1
U0247,6,2
U0247,7,6
U0247,8,1
U0247,9,2
U0247,10,3
U0247,11,3
U0247,14,2
U0247,16,1
U0247,17,1
U0247,19,10
U0248,2,1
U0248,3,2
U0248,4,2
U0248,8,1
U0248,9,1
U0248,11,4
U0248,14,6
U0248,15,13
U0248,16,4
U0248,17,3
U0248,18,1
U0248,19,1
U0249,2,2
U0249,7,2
U0249,8,1
U0249,10,2
U0249,11,4
U0249,12,10
U0249,13,1
U0249,14,1
U0249,15,1
U0249,16,5
U0249,17,1
U0249,19,2
U0249,20,1
U0250,1,1
U0250,2,4
U0250,3,1
U0250,5,6
U0250,6,2
U0250,8,1
U0250,10,2
U0250,12,1
U0250,14,1
U0250,16,2
U0250,18,11
U0250,20,1
U0251,4,6
U0251,6,3
U0251,9,6
U0251,10,3
U0251,11,5
U0251,13,6
U0251,14,1
U0251,15,5
U0251,16,6
U0251,17,1
U0251,18,1
U0251,19,5
U0251,20,1
U0252,2,10
U0252,3,10
U0252,4,1
U0252,9,12
U0252,11,2
U0252,12,11
U0252,13,5
U0252,14,2
U0252,15,11
U0252,16,12
U0252,17,3
U0252,18,8
U0252,19,1
U0253,1,1
U0253,2,1
U0253,4,1
U0253,8,2
U0253,9,7
U0253,11,3
U0253,12,3
U0253,13,1
U0253,15,2
U0253,20,4
U0254,2,1
U0254,3,5
U0254,5,4
U0254,6,3
U0254,8,1
U0254,10,1
U0254,11,2
U0254,12,2
U0254,13,5
U0254,14,3
U0254,16,5
U0254,18,2
U0254,19,1
U0254,20,1
U0255,1,3
U0255,6,2
U0255,7,12
U0255,9,2
U0255,10,6
U0255,14,10
U0255,15,2
U0255,16,2
U0255,17,1
U0255,18,1
U0256,1,3
U0256,4,1
U0256,5,5
U0256,6,1
U0256,9,7
U0256,10,1
U0256,11,3
U0256,12,1
U0256,13,3
U0256,14,2
U0256,16,2
U0256,18,7
U0256,19,1
U0256,20,2
U0257,1,1
U0257,2,4
U0257,3,2
U0257,4,3
U0257,5,2
U0257,7,1
U0257,8,2
U0257,9,7
U0257,12,2
U0257,13,2
U0257,14,3
U0257,15,2
U0257,16,1
U0257,17,1
U0257,19,10
U0257,20,2
U0258,1,2
U0258,2,1
U0258,3,2
U0258,5,3
U0258,7,5
U0258,8,15
U0258,10,11
U0258,11,4
U0258,12,1
U0258,13,4
U0258,14,10
U0258,16,1
U0258,18,5
U0259,2,6
U0259,3,4
U0259,4,4
U0259,6,12
U0259,7,2
U0259,8,3
U0259,10,6
U0259,11,1
U0259,13,3
U0259,16,2
U0259,17,2
U0259,19,10
U0259,20,1
U0260,2,5
U0260,3,2
U0260,5,1
U0260,7,2
U0260,8,3
U0260,9,10
U0260,12,5
U0260,13,3
U0260,15,2
U0260,16,2
U0260,17,1
U0260,18,2
U0260,19,2
U0261,1,3
U0261,2,6
U0261,3,1
U0261,4,1
U0261,5,2
U0261,7,2
U0261,11,8
U0261,15,2
U0261,16,12
U0261,17,2
U0261,19,2
U0262,1,1
U0262,2,1
U0262,4,4
U0262,5,2
U0262,6,2
U0262,9,1
U0262,10,2
U0262,12,1
U0262,13,2
U0262,14,2
U0262,16,1
U0262,17,1
U0262,18,1
U0262,20,1
U0263,1,2
U0263,2,2
U0263,3,6
U0263,4,1
U0263,5,2
U0263,7,1
U0263,8,2
U0263,9,1
U0263,10,6
U0263,11,4
U0263,12,3
U0263,13,12
U0263,15,3
U0263,17,3
U0263,18,1
U0263,19,10
U0264,2,9
U0264,5,2
U0264,8,1
U0264,9,1
U0264,10,1
U0264,12,3
U0264,13,1
U0264,14,1
U0264,15,2
U0264,17,7
U0264,18,5
U0264,20,2
U0265,2,4
U0265,4,4
U0265,8,12
U0265,11,1
U0265,13,1
U0265,14,1
U0265,16,2
U0265,18,11
U0265,20,1
U0266,1,2
U0266,2,3
U0266,3,2
U0266,4,1
U0266,5,6
U0266,6,5
U0266,7,2
U0266,8,1
U0266,9,2
U0266,10,1
U0266,11,1
U0266,13,10
U0266,14,5
U0266,15,1
U0266,16,7
U0266,17,2
U0266,18,2
U0266,19,2
U0267,2,6
U0267,3,5
U0267,4,1
U0267,6,1
U0267,7,2
U0267,9,1
U0267,10,7
U0267,11,6
U0267,12,5
U0267,13,1
U0267,14,1
U0267,15,3
U0267,17,1
U0267,18,1
U0267,20,1
U0268,3,4
U0268,4,1
U0268,6,1
U0268,7,1
U0268,10,7
U0268,13,1
U0268,14,10
U0268,16,2
U0268,19,1
U0268,20,1
U0269,1,2
U0269,3,11
U0269,6,11
U0269,7,1
U0269,10,1
U0269,11,6
U0269,13,4
U0269,14,2
U0269,16,1
U0269,19,2
U0269,20,11
U0270,1,10
U0270,2,6
U0270,5,7
U0270,6,2
U0270,7,1
U0270,8,3
U0270,9,2
U0270,10,8
U0270,11,1
U0270,12,6
U0270,14,2
U0270,17,5
U0270,18,2
U0270,19,6
U0270,20,4
U0271,3,3
U0271,4,11
U0271,5,10
U0271,6,1
U0271,8,1
U0271,9,2
U0271,11,3
U0271,13,1
U0271,15,2
U0271,16,1
U0271,18,2
U0271,19,1
U0272,1,1
U0272,3,2
U0272,6,2
U0272,8,3
U0272,9,1
U0272,10,4
U0272,12,1
U0272,13,1
U0272,14,2
U0272,15,1
U0272,17,2
U0272,18,1
U0272,19,1
U0272,20,6
U0273,1,1
U0273,4,2
U0273,8,4
U0273,10,6
U0273,11,2
U0273,12,1
U0273,13,2
U0273,15,2
U0273,16,1
U0273,17,2
U0273,18,4
U0273,20,3
U0274,1,1
U0274,3,13
U0274,5,1
U0274,6,1
U0274,9,7
U0274,10,1
U0274,11,1
U0274,15,2
U0274,16,11
U0274,17,2
U0274,18,1
U0275,1,2
U0275,3,1
U0275,4,3
U0275,6,1
U0275,7,2
U0275,8,1
U0275,9,1
U0275,12,10
U0275,13,1
U0275,15,1
U0275,17,2
U0275,18,4
U0275,19,3
U0276,1,5
U0276,2,10
U0276,4,3
U0276,8,2
U0276,9,1
U0276,11,10
U0276,12,3
U0276,13,2
U0276,14,4
U0276,15,3
U0276,16,4
U0276,17,1
U0276,18,10
U0276,19,8
U0277,1,1
U0277,2,3
U0277,3,3
U0277,4,3
U0277,5,2
U0277,6,2
U0277,7,1
U0277,8,13
U0277,10,10
U0277,13,1
U0277,14,8
U0277,15,4
U0277,16,8
U0277,17,1
U0277,18,5
U0277,20,1
U0278,1,3
U0278,5,3
U0278,6,1
U0278,7,1
U0278,8,2
U0278,10,5
U0278,11,2
U0278,12,1
U0278,14,1
U0278,15,2
U0278,18,2
U0278,19,1
U0278,20,6
U0279,1,5
U0279,2,7
U0279,3,6
U0279,4,11
U0279,5,8
U0279,6,1
U0279,8,3
U0279,9,1
U0279,10,1
U0279,11,5
U0279,12,1
U0279,16,2
U0279,17,1
U0279,18,1
U0279,19,1
U0280,2,7
U0280,3,1
U0280,6,1
U0280,8,2
U0280,9,21
U0280,11,1
U0280,12,1
U0280,13,2
U0280,15,5
U0280,17,2
U0280,18,1
U0280,19,2
U0281,1,6
U0281,2,1
U0281,3,3
U0281,4,2
U0281,6,4
U0281,7,1
U0281,8,3
U0281,9,2
U0281,13,1
U0281,17,3
U0281,18,2
U0281,19,1
U0282,1,12
U0282,3,2
U0282,4,1
U0282,5,3
U0282,8,2
U0282,10,1
U0282,11,2
U0282,13,1
U0282,14,2
U0282,16,3
U0282,19,5
U0283,3,2
U0283,4,26
U0283,5,2
U0283,6,3
U0283,7,10
U0283,9,5
U0283,10,2
U0283,11,3
U0283,12,1
U0283,13,4
U0283,14,2
U0283,16,2
U0283,17,2
U0283,19,2
U0283,20,16
U0284,2,1
U0284,4,2
U0284,5,2
U0284,6,2
U0284,7,1
U0284,9,1
U0284,10,4
U0284,11,2
U0284,12,26
U0284,13,3
U0284,14,1
U0284,15,4
U0284,16,2
U0284,17,2
U0284,19,1
U0284,20,1
U0285,1,1
U0285,2,1
U0285,3,1
U0285,4,1
U0285,5,15
U0285,7,6
U0285,8,2
U0285,9,3
U0285,10,3
U0285,11,1
U0285,12,1
U0285,13,1
U0285,14,5
U0285,16,1
U0285,20,1
U0286,1,2
U0286,3,10
U0286,5,5
U0286,7,10
U0286,8,1
U0286,10,2
U0286,13,3
U0286,14,2
U0286,15,2
U0286,19,2
U0286,20,3
U0287,1,10
U0287,3,1
U0287,4,1
U0287,6,10
U0287,8,2
U0287,9,2
U0287,10,1
U0287,11,1
U0287,14,1
U0287,16,1
U0287,19,14
U0287,20,10
U0288,1,7
U0288,3,1
U0288,4,1
U0288,6,10
U0288,7,2
U0288,8,10
U0288,9,11
U0288,11,3
U0288,12,1
U0288,13,2
U0288,16,6
U0288,17,1
U0288,18,2
U0288,19,11
U0289,1,1
U0289,2,9
U0289,3,2
U0289,6,7
U0289,7,5
U0289,8,1
U0289,10,2
U0289,11,7
U0289,12,2
U0289,13,2
U0289,14,1
U0289,15,2
U0289,16,5
U0289,17,4
U0289,18,1
U0289,19,5
U0289,20,2
U0290,1,3
U0290,3,2
U0290,4,11
U0290,7,15
U0290,8,3
U0290,9,1
U0290,12,2
U0290,13,11
U0290,14,1
U0290,16,2
U0290,18,2
U0291,1,14
U0291,3,1
U0291,4,3
U0291,5,2
U0291,8,1
U0291,9,13
U0291,10,2
U0291,11,3
U0291,12,1
U0291,13,3
U0291,14,10
U0291,15,7
U0291,17,7
U0291,18,1
U0291,19,8
U0291,20,1
U0292,1,2
U0292,2,2
U0292,3,2
U0292,6,1
U0292,13,11
U0292,14,3
U0292,17,3
U0292,18,10
U0292,19,7
U0293,3,1
U0293,4,2
U0293,5,3
U0293,6,3
U0293,7,3
U0293,10,2
U0293,11,4
U0293,12,7
U0293,14,5
U0293,15,2
U0293,17,1
U0293,18,1
U0293,19,12
U0293,20,3
U0294,3,1
U0294,4,2
U0294,5,1
U0294,8,4
U0294,9,1
U0294,11,1
U0294,12,1
U0294,13,2
U0294,14,1
U0294,15,1
U0294,16,2
U0294,18,1
U0294,19,1
U0294,20,1
U0295,2,1
U0295,3,10
U0295,4,11
U0295,5,7
U0295,7,1
U0295,10,2
U0295,11,3
U0295,12,2
U0295,14,1
U0295,15,1
U0295,16,1
U0295,18,6
U0295,20,2
U0296,1,1
U0296,2,5
U0296,3,2
U0296,4,2
U0296,5,2
U0296,6,3
U0296,8,1
U0296,9,3
U0296,10,1
U0296,11,2
U0296,12,1
U0296,13,2
U0296,16,1
U0296,18,1
U0297,1,5
U0297,3,12
U0297,9,6
U0297,10,3
U0297,11,3
U0297,13,1
U0297,14,1
U0297,15,5
U0297,16,1
U0297,17,10
U0297,19,2
U0298,1,7
U0298,2,2
U0298,3,1
U0298,4,8
U0298,6,1
U0298,7,2
U0298,8,10
U0298,9,3
U0298,10,2
U0298,11,2
U0298,13,6
U0298,14,1
U0298,15,5
U0298,17,1
U0298,18,1
U0298,19,1
U0298,20,2
U0299,2,3
U0299,5,2
U0299,6,2
U0299,7,5
U0299,9,3
U0299,10,5
U0299,13,2
U0299,14,2
U0299,19,1
U0300,2,2
U0300,6,10
U0300,7,3
U0300,8,1
U0300,10,2
U0300,11,3
U0300,13,1
U0300,14,2
U0300,15,10
U0300,17,5
U0300,18,1
U0300,20,2
U0301,1,1
U0301,2,3
U0301,3,1
U0301,4,1
U0301,5,1
U0301,6,3
U0301,8,3
U0301,9,2
U0301,10,2
U0301,11,1
U0301,15,2
U0301,17,2
U0301,18,2
U0301,20,1
U0302,1,10
U0302,2,2
U0302,3,3
U0302,4,2
U0302,5,7
U0302,7,1
U0302,9,2
U0302,10,2
U0302,12,12
U0302,13,7
U0302,14,3
U0302,15,1
U0302,17,12
U0302,18,1
U0302,20,5
U0303,1,3
U0303,2,1
U0303,3,1
U0303,4,1
U0303,5,1
U0303,6,3
U0303,7,10
U0303,8,2
U0303,10,1
U0303,12,14
U0303,15,1
U0303,16,12
U0303,17,2
U0303,18,5
U0304,1,1
U0304,2,2
U0304,3,3
U0304,7,1
U0304,8,1
U0304,9,2
U0304,10,1
U0304,12,1
U0304,13,2
U0304,15,1
U0304,16,4
U0304,17,1
U0304,18,1
U0304,19,1
U0304,20,1
U0305,1,1
U0305,2,1
U0305,3,8
U0305,4,1
U0305,5,1
U0305,8,1
U0305,9,6
U0305,11,1
U0305,12,1
U0305,13,3
U0305,15,2
U0305,16,2
U0305,19,10
U0306,1,1
U0306,5,2
U0306,6,5
U0306,8,1
U0306,10,1
U0306,11,2
U0306,14,1
U0306,17,3
U0306,18,2
U0306,19,1
U0307,1,3
U0307,3,1
U0307,5,2
U0307,7,1
U0307,8,3
U0307,9,2
U0307,10,1
U0307,11,1
U0307,12,6
U0307,14,5
U0307,15,1
U0307,17,2
U0307,18,10
U0307,19,1
U0307,20,3
U0308,1,2
U0308,3,1
U0308,6,2
U0308,9,5
U0308,11,1
U0308,12,1
U0308,13,2
U0308,14,1
U0308,15,3
U0308,16,1
U0308,17,1
U0308,18,1
U0309,1,5
U0309,3,1
U0309,7,7
U0309,9,2
U0309,13,1
U0309,14,1
U0309,16,1
U0309,17,2
U0309,18,1
U0309,19,1
U0310,1,11
U0310,2,4
U0310,3,10
U0310,4,1
U0310,5,3
U0310,6,1
U0310,7,2
U0310,8,1
U0310,9,2
U0310,11,6
U0310,14,2
U0310,18,2
U0310,19,1
U0310,20,8
U0311,3,2
U0311,4,2
U0311,5,1
U0311,7,8
U0311,8,2
U0311,9,10
U0311,10,10
U0311,12,2
U0311,13,6
U0311,14,3
U0311,15,2
U0311,16,1
U0311,19,1
U0312,1,7
U0312,2,1
U0312,3,2
U0312,4,1
U0312,5,1
U0312,6,3
U0312,7,3
U0312,8,2
U0312,9,12
U0312,10,2
U0312,11,5
U0312,13,12
U0312,16,7
U0312,18,2
U0312,19,1
U0312,20,4
U0313,2,1
U0313,3,2
U0313,7,1
U0313,10,1
U0313,11,1
U0313,12,1
U0313,13,2
U0313,14,10
U0313,16,2
U0313,17,4
U0313,18,10
U0313,19,1
U0314,1,5
U0314,2,1
U0314,3,5
U0314,5,7
U0314,7,2
U0314,9,11
U0314,12,2
U0314,15,1
U0314,17,10
U0314,18,5
U0314,19,2
U0315,2,1
U0315,4,2
U0315,5,3
U0315,9,6
U0315,11,1
U0315,13,1
U0315,17,2
U0315,18,1
U0315,19,3
U0315,20,1
U0316,1,1
U0316,2,2
U0316,3,3
U0316,5,2
U0316,8,3
U0316,9,5
U0316,11,3
U0316,12,1
U0316,14,1
U0316,16,1
U0317,3,8
U0317,4,11
U0317,5,6
U0317,6,2
U0317,7,1
U0317,8,1
U0317,11,1
U0317,12,4
U0317,13,2
U0317,16,3
U0317,17,2
U0317,18,2
U0317,19,3
U0317,20,1
U0318,1,2
U0318,2,3
U0318,3,1
U0318,5,3
U0318,6,2
U0318,8,1
U0318,9,1
U0318,11,5
U0318,12,1
U0318,13,11
U0318,14,7
U0318,16,1
U0318,20,5
U0319,2,10
U0319,3,2
U0319,5,1
U0319,8,2
U0319,10,1
U0319,12,3
U0319,18,2
U0319,20,1
U0320,3,7
U0320,6,1
U0320,7,2
U0320,9,2
U0320,10,1
U0320,13,2
U0320,14,7
U0320,15,2
U0320,17,2
U0320,19,1
U0321,1,1
U0321,3,2
U0321,4,2
U0321,5,5
U0321,6,1
U0321,9,2
U0321,11,1
U0321,12,10
U0321,13,1
U0321,15,2
U0321,17,2
U0321,19,18
U0322,2,3
U0322,3,3
U0322,4,5
U0322,7,5
U0322,9,1
U0322,13,5
U0322,17,4
U0322,19,1
U0323,2,8
U0323,3,5
U0323,5,1
U0323,6,1
U0323,8,2
U0323,9,1
U0323,13,2
U0323,14,15
U0323,15,4
U0323,16,3
U0323,17,1
U0323,18,2
U0323,19,2
U0324,2,9
U0324,5,2
U0324,9,2
U0324,11,2
U0324,12,1
U0324,14,1
U0324,17,8
U0325,1,1
U0325,2,4
U0325,3,1
U0325,4,2
U0325,6,2
U0325,10,1
U0325,13,1
U0325,14,1
U0325,15,2
U0325,17,2
U0325,19,3
U0325,20,7
U0326,2,3
U0326,3,1
U0326,4,5
U0326,6,3
U0326,7,1
U0326,11,2
U0326,12,4
U0326,13,1
U0326,14,4
U0326,16,1
U0326,18,2
U0326,20,2
U0327,1,11
U0327,2,2
U0327,4,6
U0327,8,3
U0327,9,1
U0327,10,17
U0327,11,6
U0327,12,2
U0327,13,2
U0327,16,1
U0327,17,6
U0327,18,1
U0327,20,1
U0328,1,2
U0328,2,2
U0328,3,3
U0328,7,1
U0328,8,6
U0328,9,1
U0328,10,16
U0328,11,2
U0328,12,1
U0328,15,5
U0328,16,1
U0328,19,1
U0329,2,1
U0329,3,1
U0329,4,2
U0329,6,4
U0329,9,15
U0329,10,12
U0329,11,1
U0329,12,3
U0329,14,13
U0329,15,2
U0329,16,3
U0329,17,3
U0329,18,5
U0330,1,2
U0330,4,2
U0330,5,2
U0330,6,2
U0330,7,6
U0330,12,1
U0330,16,3
U0330,17,1
U0330,19,1
U0330,20,4
U0331,2,2
U0331,3,5
U0331,6,2
U0331,7,2
U0331,8,1
U0331,10,1
U0331,11,4
U0331,12,4
U0331,13,6
U0331,15,1
U0331,18,3
U0331,19,5
U0332,2,1
U0332,3,1
U0332,4,2
U0332,5,1
U0332,8,1
U0332,10,1
U0332,11,2
U0332,12,1
U0332,13,7
U0332,14,11
U0332,15,7
U0332,20,2
U0333,3,1
U0333,5,15
U0333,6,2
U0333,7,13
U0333,8,1
U0333,9,10
U0333,10,1
U0333,11,5
U0333,12,1
U0333,14,1
U0333,15,4
U0333,18,2
U0333,19,3
U0333,20,7
U0334,1,6
U0334,3,3
U0334,5,1
U0334,8,2
U0334,9,11
U0334,10,1
U0334,12,2
U0334,13,5
U0334,14,5
U0334,15,1
U0334,17,1
U0334,18,5
U0334,19,2
U0335,1,1
U0335,2,7
U0335,3,2
U0335,5,4
U0335,6,3
U0335,8,10
U0335,9,5
U0335,10,2
U0335,11,1
U0335,12,5
U0335,13,1
U0335,14,14
U0335,16,1
U0335,17,1
U0335,18,2
U0335,19,1
U0335,20,2
U0336,4,3
U0336,5,2
U0336,8,12
U0336,9,12
U0336,12,1
U0336,13,1
U0336,14,1
U0336,16,5
U0336,18,5
U0336,19,2
U0336,20,1
U0337,1,4
U0337,2,2
U0337,5,3
U0337,6,1
U0337,7,1
U0337,9,5
U0337,10,5
U0337,11,2
U0337,13,2
U0337,15,2
U0337,16,5
U0337,18,1
U0337,20,10
U0338,1,3
U0338,2,3
U0338,4,2
U0338,5,2
U0338,7,3
U0338,8,12
U0338,10,2
U0338,13,4
U0338,14,10
U0338,15,1
U0338,16,1
U0338,17,2
U0338,18,2
U0338,19,1
U0338,20,2
U0339,1,7
U0339,2,3
U0339,3,5
U0339,4,5
U0339,5,2
U0339,6,4
U0339,7,2
U0339,12,1
U0339,16,1
U0339,17,10
U0339,18,2
U0339,19,1
U0339,20,1
U0340,4,4
U0340,5,6
U0340,6,3
U0340,7,3
U0340,9,2
U0340,10,1
U0340,11,7
U0340,14,1
U0340,15,1
U0340,16,1
U0340,17,2
U0340,19,2
U0340,20,1
U0341,2,8
U0341,5,1
U0341,6,4
U0341,10,5
U0341,11,1
U0341,12,1
U0341,13,2
U0341,15,1
U0341,17,3
U0341,18,3
U0342,1,3
U0342,2,2
U0342,3,5
U0342,5,1
U0342,6,7
U0342,8,1
U0342,9,3
U0342,11,6
U0342,12,2
U0342,15,1
U0342,16,1
U0343,4,5
U0343,5,1
U0343,6,1
U0343,8,3
U0343,9,1
U0343,11,2
U0343,13,1
U0343,17,2
U0343,18,4
U0343,19,1
U0344,2,2
U0344,4,1
U0344,5,1
U0344,6,1
U0344,7,1
U0344,9,2
U0344,10,14
U0344,12,2
U0344,13,1
U0344,15,1
U0344,19,1
U0345,2,10
U0345,3,6
U0345,4,1
U0345,6,1
U0345,7,17
U0345,9,4
U0345,10,1
U0345,11,5
U0345,13,3
U0345,14,1
U0345,15,2
U0345,16,1
U0345,18,2
U0345,19,3
U0345,20,2
U0346,1,2
U0346,2,3
U0346,7,1
U0346,9,1
U0346,11,4
U0346,14,1
U0346,15,4
U0346,16,2
U0346,17,6
U0346,19,1
U0346,20,3
U0347,1,1
U0347,7,2
U0347,8,6
U0347,9,2
U0347,11,11
U0347,12,3
U0347,14,1
U0347,15,16
U0347,16,11
U0347,18,1
U0347,19,2
U0347,20,1
U0348,1,17
U0348,2,3
U0348,4,1
U0348,5,1
U0348,6,6
U0348,7,2
U0348,10,3
U0348,16,1
U0348,17,5
U0348,18,2
U0348,19,5
U0348,20,1
U0349,2,1
U0349,3,4
U0349,4,12
U0349,7,3
U0349,9,1
U0349,10,1
U0349,11,2
U0349,12,10
U0349,15,5
U0349,16,2
U0349,18,1
U0349,19,3
U0350,2,4
U0350,3,1
U0350,6,1
U0350,7,2
U0350,8,3
U0350,9,1
U0350,12,2
U0350,13,1
U0350,16,2
U0350,17,2
U0350,19,1
U0351,1,2
U0351,2,1
U0351,3,1
U0351,4,7
U0351,5,3
U0351,8,2
U0351,12,11
U0351,13,1
U0351,14,3
U0351,16,1
U0351,17,16
U0351,18,10
U0352,2,6
U0352,3,2
U0352,5,1
U0352,7,2
U0352,10,1
U0352,15,1
U0352,16,4
U0352,19,14
U0353,2,3
U0353,4,2
U0353,5,2
U0353,6,1
U0353,8,1
U0353,9,1
U0353,10,5
U0353,11,6
U0353,12,8
U0353,13,3
U0353,14,1
U0353,15,1
U0353,16,6
U0353,17,1
U0353,19,1
U0353,20,1
U0354,2,6
U0354,3,1
U0354,4,5
U0354,7,5
U0354,8,11
U0354,11,3
U0354,12,4
U0354,13,1
U0354,14,1
U0354,15,1
U0354,16,2
U0354,17,2
U0354,18,2
U0354,19,1
U0355,1,1
U0355,2,3
U0355,6,2
U0355,8,4
U0355,12,10
U0355,13,1
U0355,14,1
U0355,15,1
U0355,16,1
U0355,17,1
U0355,19,1
U0356,2,5
U0356,3,1
U0356,4,1
U0356,5,6
U0356,6,1
U0356,8,2
U0356,11,12
U0356,15,1
U0356,17,3
U0356,18,1
U0356,20,2
U0357,3,1
U0357,4,2
U0357,5,11
U0357,6,12
U0357,7,7
U0357,9,2
U0357,10,1
U0357,11,7
U0357,13,6
U0357,14,14
U0357,15,2
U0357,16,5
U0357,18,1
U0357,20,3
U0358,1,2
U0358,3,2
U0358,4,1
U0358,5,1
U0358,6,1
U0358,7,5
U0358,9,10
U0358,11,1
U0358,12,2
U0358,13,1
U0358,15,13
U0358,16,2
U0358,20,2
U0359,2,1
U0359,5,1
U0359,6,4
U0359,8,8
U0359,9,2
U0359,10,2
U0359,12,14
U0359,13,3
U0359,15,2
U0359,16,2
U0359,17,13
U0359,19,10
U0359,20,1
U0360,1,11
U0360,3,1
U0360,4,11
U0360,5,2
U0360,6,1
U0360,7,1
U0360,8,3
U0360,10,1
U0360,13,1
U0361,2,1
U0361,3,5
U0361,4,1
U0361,10,2
U0361,11,6
U0361,13,3
U0361,14,3
U0361,15,1
U0361,16,1
U0361,17,2
U0361,19,6
U0362,1,1
U0362,2,2
U0362,3,2
U0362,5,2
U0362,7,1
U0362,9,1
U0362,11,2
U0362,12,4
U0362,13,1
U0362,19,4
U0362,20,1
U0363,2,10
U0363,3,4
U0363,4,1
U0363,5,1
U0363,6,2
U0363,8,1
U0363,9,3
U0363,12,10
U0363,13,1
U0363,14,2
U0363,15,2
U0363,16,11
U0363,19,2
U0363,20,1
U0364,2,1
U0364,3,3
U0364,4,5
U0364,5,1
U0364,6,1
U0364,9,1
U0364,11,1
U0364,12,1
U0364,15,7
U0364,17,1
U0364,18,2
U0365,1,1
U0365,2,16
U0365,3,1
U0365,5,5
U0365,7,1
U0365,8,1
U0365,9,15
U0365,10,6
U0365,11,1
U0365,13,3
U0365,14,1
U0365,15,5
U0365,16,1
U0365,19,1
U0365,20,2
U0366,3,2
U0366,5,1
U0366,6,2
U0366,7,6
U0366,8,1
U0366,9,5
U0366,10,2
U0366,12,2
U0366,13,4
U0366,14,1
U0366,15,4
U0366,16,5
U0366,17,6
U0366,18,2
U0366,19,2
U0367,2,2
U0367,4,3
U0367,5,1
U0367,9,4
U0367,10,14
U0367,12,1
U0367,15,6
U0367,16,2
U0367,18,1
U0367,19,1
U0367,20,3
U0368,1,1
U0368,2,1
U0368,4,2
U0368,5,6
U0368,6,1
U0368,7,1
U0368,8,1
U0368,9,1
U0368,10,2
U0368,11,4
U0368,12,1
U0368,14,4
U0368,16,8
U0368,18,3
U0368,19,2
U0368,20,1
U0369,1,3
U0369,3,1
U0369,4,1
U0369,5,1
U0369,7,7
U0369,8,2
U0369,9,1
U0369,10,7
U0369,11,2
U0369,13,1
U0369,14,1
U0369,16,2
U0369,17,6
U0369,18,1
U0369,19,1
U0370,1,1
U0370,2,2
U0370,3,3
U0370,4,2
U0370,7,4
U0370,8,1
U0370,9,1
U0370,10,7
U0370,11,1
U0370,12,2
U0370,13,1
U0370,16,2
U0370,17,1
U0370,18,2
U0370,20,1
U0371,2,1
U0371,3,2
U0371,6,2
U0371,9,1
U0371,10,2
U0371,13,3
U0371,15,1
U0371,16,2
U0371,17,3
U0371,19,2
U0371,20,2
U0372,4,10
U0372,5,6
U0372,6,4
U0372,7,7
U0372,9,1
U0372,12,1
U0372,13,2
U0372,15,1
U0372,16,1
U0372,19,2
U0372,20,1
U0373,1,3
U0373,3,2
U0373,5,7
U0373,6,3
U0373,10,11
U0373,11,3
U0373,12,5
U0373,13,3
U0373,14,2
U0373,17,1
U0373,19,5
U0374,1,1
U0374,2,6
U0374,5,2
U0374,8,3
U0374,9,2
U0374,10,3
U0374,11,6
U0374,12,5
U0374,15,5
U0374,16,2
U0374,17,5
U0374,18,8
U0374,20,1
U0375,1,1
U0375,2,2
U0375,3,7
U0375,6,14
U0375,12,9
U0375,13,1
U0375,14,2
U0375,18,2
U0375,19,2
U0376,1,2
U0376,2,1
U0376,3,2
U0376,4,8
U0376,6,3
U0376,7,2
U0376,8,3
U0376,9,2
U0376,10,2
U0376,11,1
U0376,12,4
U0376,14,2
U0376,15,11
U0376,16,1
U0376,18,2
U0376,19,2
U0376,20,7
U0377,1,4
U0377,3,1
U0377,6,1
U0377,8,3
U0377,9,5
U0377,11,2
U0377,13,2
U0377,14,11
U0377,17,2
U0377,18,1
U0377,20,3
U0378,1,7
U0378,3,1
U0378,4,17
U0378,5,1
U0378,7,1
U0378,8,2
U0378,10,8
U0378,11,2
U0378,12,1
U0378,13,1
U0378,14,2
U0378,15,5
U0378,19,1
U0379,1,1
U0379,2,2
U0379,4,1
U0379,5,6
U0379,6,6
U0379,8,2
U0379,9,1
U0379,10,3
U0379,12,3
U0379,13,1
U0379,15,2
U0379,16,3
U0379,18,1
U0379,19,10
U0380,1,1
U0380,2,2
U0380,4,11
U0380,5,10
U0380,6,1
U0380,7,1
U0380,11,5
U0380,12,4
U0380,13,1
U0380,14,5
U0380,17,6
U0380,18,1
U0380,20,16
U0381,1,1
U0381,2,2
U0381,4,5
U0381,5,1
U0381,6,5
U0381,7,3
U0381,8,2
U0381,9,2
U0381,10,3
U0381,11,3
U0381,12,1
U0381,13,1
U0381,14,1
U0381,15,2
U0381,17,1
U0381,19,2
U0382,2,1
U0382,4,2
U0382,5,2
U0382,6,2
U0382,9,3
U0382,10,4
U0382,11,5
U0382,13,4
U0382,14,2
U0382,16,3
U0382,17,1
U0382,18,1
U0382,19,5
U0382,20,1
U0383,1,2
U0383,2,20
U0383,4,3
U0383,5,5
U0383,8,1
U0383,10,3
U0383,11,2
U0383,12,6
U0383,14,6
U0383,15,1
U0383,18,1
U0384,2,2
U0384,3,2
U0384,4,2
U0384,6,7
U0384,7,1
U0384,8,1
U0384,9,11
U0384,11,1
U0384,13,1
U0384,14,3
U0384,15,2
U0384,16,16
U0384,19,1
U0384,20,1
U0385,1,1
U0385,2,2
U0385,3,7
U0385,4,10
U0385,8,2
U0385,9,2
U0385,10,3
U0385,11,14
U0385,12,11
U0385,16,2
U0385,17,12
U0385,18,3
U0385,19,1
U0385,20,2
U0386,1,1
U0386,4,4
U0386,5,1
U0386,7,1
U0386,8,3
U0386,9,1
U0386,12,7
U0386,16,1
U0386,17,5
U0386,19,5
U0387,2,2
U0387,3,1
U0387,4,7
U0387,5,2
U0387,6,6
U0387,7,1
U0387,8,1
U0387,10,8
U0387,12,2
U0387,13,1
U0387,14,1
U0387,18,2
U0388,1,1
U0388,2,3
U0388,3,1
U0388,4,4
U0388,6,3
U0388,8,1
U0388,10,5
U0388,11,3
U0388,12,2
U0388,13,1
U0388,14,3
U0388,15,11
U0388,17,1
U0389,3,3
U0389,5,4
U0389,7,2
U0389,8,5
U0389,9,2
U0389,10,1
U0389,11,5
U0389,13,11
U0389,14,1
U0389,15,3
U0389,16,2
U0389,17,7
U0389,19,1
U0390,1,2
U0390,4,1
U0390,9,2
U0390,10,7
U0390,11,1
U0390,12,1
U0390,16,1
U0391,1,1
U0391,2,2
U0391,3,2
U0391,4,2
U0391,5,5
U0391,8,2
U0391,9,2
U0391,11,1
U0391,13,1
U0391,15,2
U0391,16,3
U0391,18,3
U0391,19,3
U0391,20,1
U0392,1,2
U0392,2,1
U0392,3,4
U0392,5,1
U0392,6,3
U0392,8,1
U0392,10,2
U0392,11,1
U0392,12,1
U0392,13,1
U0392,14,1
U0392,15,2
U0392,16,1
U0392,17,3
U0392,18,6
U0393,2,1
U0393,3,6
U0393,4,1
U0393,5,7
U0393,6,5
U0393,7,1
U0393,8,1
U0393,9,12
U0393,10,1
U0393,11,2
U0393,12,1
U0393,13,11
U0393,14,1
U0393,16,2
U0393,17,1
U0393,19,2
U0393,20,2
U0394,4,2
U0394,7,3
U0394,8,7
U0394,10,3
U0394,11,5
U0394,12,2
U0394,17,10
U0394,18,3
U0394,19,4
U0395,1,2
U0395,4,5
U0395,5,1
U0395,6,10
U0395,7,2
U0395,8,4
U0395,9,4
U0395,10,3
U0395,13,3
U0395,14,10
U0395,15,1
U0395,17,2
U0395,18,7
U0396,1,7
U0396,2,1
U0396,3,10
U0396,4,2
U0396,8,2
U0396,9,2
U0396,11,1
U0396,13,4
U0396,14,2
U0396,17,2
U0396,18,2
U0396,19,4
U0396,20,2
U0397,2,1
U0397,6,1
U0397,7,1
U0397,8,3
U0397,9,4
U0397,11,3
U0397,12,1
U0397,13,2
U0397,15,2
U0397,18,1
U0397,19,1
U0397,20,7
U0398,1,1
U0398,2,6
U0398,3,2
U0398,5,1
U0398,6,4
U0398,7,2
U0398,8,4
U0398,11,3
U0398,12,5
U0398,14,11
U0398,15,1
U0398,16,1
U0398,17,1
U0398,18,8
U0399,1,6
U0399,3,5
U0399,4,1
U0399,6,5
U0399,8,3
U0399,11,2
U0399,12,1
U0399,15,2
U0399,16,2
U0399,19,3
U0399,20,2
U0400,1,1
U0400,2,3
U0400,4,1
U0400,5,4
U0400,6,1
U0400,7,1
U0400,8,2
U0400,9,3
U0400,12,2
U0400,14,3
U0400,15,2
U0400,16,1
U0400,17,1
U0401,1,7
U0401,2,2
U0401,4,1
U0401,8,7
U0401,9,6
U0401,11,15
U0401,12,1
U0401,14,1
U0401,18,1
U0401,20,1
U0402,1,2
U0402,7,2
U0402,10,7
U0402,11,5
U0402,12,2
U0402,13,2
U0402,14,5
U0402,16,3
U0402,17,1
U0402,18,5
U0402,19,1
U0403,1,16
U0403,2,1
U0403,4,3
U0403,5,3
U0403,7,5
U0403,8,2
U0403,10,4
U0403,15,2
U0403,17,2
U0403,18,1
U0403,19,1
U0404,1,11
U0404,2,1
U0404,5,3
U0404,6,3
U0404,8,7
U0404,9,1
U0404,10,1
U0404,12,11
U0404,14,10
U0404,16,1
U0404,17,2
U0404,20,2
U0405,1,1
U0405,2,4
U0405,3,1
U0405,4,1
U0405,6,2
U0405,7,3
U0405,8,3
U0405,10,1
U0405,13,1
U0405,15,5
U0405,18,1
U0405,20,1
U0406,2,1
U0406,5,1
U0406,6,10
U0406,7,1
U0406,10,3
U0406,14,1
U0406,15,12
U0406,18,7
U0406,19,1
U0407,3,10
U0407,4,2
U0407,5,1
U0407,6,1
U0407,8,1
U0407,9,6
U0407,10,1
U0407,12,2
U0407,13,2
U0407,14,2
U0407,16,1
U0407,17,5
U0407,19,1
U0407,20,3
U0408,1,2
U0408,3,11
U0408,4,2
U0408,5,3
U0408,6,5
U0408,7,2
U0408,8,1
U0408,9,1
U0408,10,1
U0408,14,1
U0408,16,2
U0408,17,2
U0408,18,1
U0408,19,1
U0409,2,11
U0409,3,5
U0409,4,2
U0409,5,2
U0409,6,3
U0409,8,2
U0409,10,12
U0409,11,2
U0409,12,11
U0409,13,4
U0409,14,3
U0409,16,1
U0409,17,1
U0409,18,2
U0409,20,1
U0410,1,2
U0410,2,2
U0410,4,2
U0410,5,5
U0410,6,4
U0410,7,10
U0410,8,1
U0410,9,2
U0410,10,1
U0410,11,1
U0410,12,1
U0410,13,1
U0410,15,1
U0410,16,2
U0410,17,7
U0410,18,1
U0410,19,12
U0410,20,4
U0411,1,3
U0411,3,4
U0411,9,1
U0411,10,2
U0411,14,1
U0411,15,1
U0411,16,4
U0411,19,2
U0412,1,3
U0412,2,1
U0412,6,3
U0412,7,3
U0412,8,2
U0412,10,1
U0412,11,1
U0412,12,2
U0412,14,1
U0412,16,1
U0412,17,1
U0412,18,3
U0412,19,1
U0412,20,1
U0413,1,1
U0413,2,1
U0413,3,2
U0413,5,11
U0413,6,2
U0413,7,1
U0413,8,10
U0413,9,2
U0413,10,6
U0413,12,3
U0413,13,6
U0413,15,1
U0413,16,7
U0413,18,2
U0413,19,10
U0414,1,5
U0414,3,5
U0414,5,10
U0414,6,2
U0414,8,6
U0414,9,1
U0414,10,2
U0414,11,5
U0414,14,1
U0414,16,2
U0414,18,3
U0415,3,3
U0415,4,1
U0415,7,1
U0415,8,1
U0415,10,2
U0415,11,2
U0415,12,1
U0415,15,5
U0415,17,2
U0415,18,7
U0415,19,2
U0415,20,5
U0416,2,1
U0416,3,1
U0416,4,10
U0416,6,1
U0416,7,1
U0416,10,7
U0416,11,5
U0416,17,3
U0416,19,2
U0416,20,1
U0417,3,5
U0417,4,2
U0417,5,1
U0417,6,6
U0417,7,3
U0417,8,1
U0417,10,1
U0417,11,1
U0417,14,1
U0417,15,3
U0417,18,3
U0417,19,3
U0418,2,1
U0418,3,2
U0418,4,1
U0418,5,3
U0418,7,5
U0418,9,3
U0418,11,1
U0418,12,1
U0418,13,1
U0418,15,2
U0418,16,2
U0418,17,4
U0418,18,2
U0418,19,3
U0418,20,11
U0419,4,11
U0419,5,2
U0419,6,1
U0419,9,3
U0419,10,1
U0419,11,1
U0419,13,1
U0419,14,2
U0419,18,1
U0419,19,2
U0419,20,1
U0420,1,6
U0420,2,1
U0420,3,2
U0420,4,3
U0420,7,1
U0420,8,12
U0420,11,5
U0420,12,1
U0420,16,2
U0420,17,1
U0420,18,1
U0420,20,1
U0421,1,3
U0421,2,12
U0421,4,2
U0421,5,1
U0421,7,1
U0421,8,4
U0421,9,5
U0421,11,4
U0421,12,3
U0421,13,5
U0421,16,1
U0421,18,3
U0421,19,2
U0421,20,7
U0422,3,1
U0422,4,1
U0422,6,2
U0422,8,5
U0422,9,1
U0422,10,2
U0422,11,10
U0422,13,2
U0422,14,1
U0422,15,2
U0422,17,10
U0422,18,5
U0422,19,2
U0423,4,2
U0423,5,2
U0423,6,1
U0423,8,3
U0423,10,1
U0423,11,2
U0423,12,2
U0423,14,10
U0423,16,12
U0423,17,1
U0423,18,1
U0423,19,5
U0423,20,6
U0424,1,10
U0424,2,1
U0424,3,10
U0424,5,2
U0424,6,1
U0424,7,1
U0424,8,8
U0424,10,3
U0424,11,4
U0424,14,2
U0424,15,6
U0424,16,2
U0424,17,1
U0424,19,1
U0424,20,6
U0425,1,5
U0425,2,2
U0425,3,7
U0425,6,1
U0425,8,1
U0425,9,3
U0425,11,5
U0425,12,10
U0425,13,2
U0425,15,7
U0425,16,1
U0425,17,1
U0425,20,2
U0426,1,6
U0426,2,1
U0426,3,3
U0426,4,1
U0426,5,2
U0426,6,3
U0426,8,11
U0426,9,1
U0426,11,1
U0426,12,3
U0426,13,3
U0426,14,3
U0426,15,1
U0426,16,2
U0426,18,2
U0426,19,2
U0426,20,1
U0427,2,3
U0427,3,1
U0427,5,3
U0427,7,10
U0427,8,5
U0427,9,2
U0427,10,3
U0427,11,3
U0427,12,5
U0427,13,2
U0427,14,7
U0427,15,4
U0427,16,1
U0427,17,10
U0427,18,2
U0427,19,1
U0428,1,3
U0428,3,2
U0428,4,2
U0428,5,2
U0428,7,3
U0428,9,1
U0428,12,13
U0428,13,1
U0428,15,3
U0428,16,2
U0428,17,1
U0428,18,5
U0428,19,2
U0429,1,2
U0429,2,10
U0429,3,1
U0429,4,6
U0429,5,1
U0429,6,2
U0429,8,3
U0429,9,2
U0429,11,2
U0429,12,1
U0429,15,1
U0429,17,5
U0429,18,1
U0429,20,2
U0430,2,2
U0430,3,7
U0430,4,6
U0430,5,2
U0430,6,1
U0430,8,2
U0430,9,1
U0430,14,1
U0430,16,1
U0430,20,2
U0431,1,3
U0431,4,3
U0431,5,2
U0431,6,1
U0431,7,2
U0431,9,1
U0431,12,2
U0431,15,2
U0431,16,3
U0431,17,1
U0431,18,11
U0431,20,1
U0432,1,1
U0432,2,3
U0432,8,3
U0432,10,3
U0432,12,2
U0432,14,4
U0432,16,3
U0432,17,1
U0432,19,5
U0433,1,2
U0433,2,3
U0433,4,1
U0433,5,3
U0433,7,1
U0433,10,3
U0433,11,2
U0433,12,7
U0433,13,1
U0433,14,1
U0433,15,3
U0433,16,2
U0433,18,1
U0433,20,2
U0434,1,1
U0434,2,1
U0434,3,1
U0434,4,3
U0434,5,3
U0434,8,6
U0434,11,2
U0434,13,1
U0434,14,1
U0434,17,5
U0434,18,12
U0434,19,10
U0435,5,1
U0435,6,3
U0435,7,1
U0435,10,2
U0435,11,1
U0435,12,1
U0435,13,1
U0435,14,1
U0435,16,3
U0435,17,5
U0435,19,5
U0436,1,2
U0436,2,1
U0436,3,1
U0436,4,3
U0436,5,6
U0436,7,2
U0436,8,4
U0436,9,2
U0436,10,6
U0436,11,3
U0436,13,2
U0436,14,3
U0436,16,1
U0436,18,1
U0436,20,1
U0437,1,10
U0437,2,10
U0437,4,2
U0437,5,1
U0437,6,2
U0437,7,2
U0437,8,1
U0437,9,12
U0437,13,5
U0437,15,7
U0437,18,1
U0438,1,6
U0438,4,2
U0438,5,1
U0438,9,3
U0438,12,1
U0438,13,1
U0438,17,4
U0438,18,3
U0438,19,2
U0439,1,1
U0439,3,1
U0439,6,2
U0439,7,2
U0439,8,2
U0439,9,1
U0439,10,5
U0439,11,2
U0439,12,10
U0439,13,2
U0439,14,1
U0439,15,3
U0439,16,8
U0439,17,10
U0439,20,1
U0440,2,1
U0440,3,1
U0440,4,3
U0440,5,1
U0440,6,3
U0440,7,1
U0440,8,2
U0440,10,1
U0440,11,3
U0440,12,1
U0440,14,4
U0440,15,1
U0440,16,10
U0440,17,1
U0440,18,8
U0440,20,1
U0441,2,2
U0441,4,2
U0441,5,1
U0441,6,1
U0441,8,1
U0441,9,10
U0441,10,2
U0441,13,1
U0441,14,1
U0441,15,3
U0441,20,2
U0442,3,1
U0442,5,2
U0442,6,1
U0442,7,2
U0442,8,5
U0442,10,2
U0442,11,2
U0442,13,1
U0442,14,1
U0442,15,1
U0442,17,2
U0442,18,1
U0442,20,2
U0443,1,9
U0443,3,2
U0443,4,2
U0443,6,6
U0443,7,3
U0443,10,5
U0443,11,3
U0443,12,1
U0443,13,2
U0443,14,3
U0443,15,2
U0443,16,1
U0443,17,12
U0444,1,3
U0444,2,6
U0444,3,10
U0444,4,1
U0444,5,14
U0444,7,2
U0444,8,2
U0444,9,3
U0444,11,2
U0444,14,4
U0444,15,1
U0444,16,1
U0444,17,5
U0444,18,1
U0444,20,6
U0445,1,1
U0445,3,13
U0445,4,3
U0445,5,6
U0445,6,10
U0445,8,7
U0445,9,2
U0445,10,2
U0445,11,1
U0445,12,4
U0445,13,4
U0445,15,5
U0445,16,2
U0445,17,2
U0445,18,1
U0445,19,1
U0445,20,2
U0446,1,10
U0446,3,10
U0446,4,1
U0446,5,1
U0446,8,1
U0446,9,2
U0446,10,1
U0446,11,1
U0446,13,1
U0446,14,2
U0446,17,2
U0446,19,1
U0446,20,1
U0447,2,1
U0447,4,5
U0447,5,5
U0447,6,1
U0447,7,6
U0447,8,1
U0447,10,5
U0447,12,5
U0447,13,3
U0447,14,1
U0447,15,2
U0447,17,2
U0447,19,4
U0447,20,2
U0448,1,1
U0448,3,1
U0448,4,5
U0448,6,2
U0448,7,1
U0448,8,10
U0448,9,1
U0448,11,1
U0448,12,1
U0448,14,1
U0448,17,1
U0448,19,1
U0448,20,2
U0449,2,3
U0449,4,1
U0449,5,3
U0449,8,2
U0449,11,2
U0449,14,6
U0449,18,1
U0449,19,1
U0450,2,2
U0450,4,5
U0450,7,1
U0450,8,4
U0450,9,1
U0450,10,2
U0450,12,3
U0450,14,1
U0450,16,1
U0450,18,3
U0450,20,8
U0451,3,2
U0451,4,2
U0451,7,5
U0451,8,3
U0451,9,15
U0451,10,1
U0451,13,2
U0451,16,1
U0451,17,1
U0451,19,1
U0451,20,5
U0452,3,1
U0452,5,5
U0452,6,3
U0452,7,12
U0452,10,1
U0452,11,1
U0452,12,2
U0452,13,7
U0452,14,1
U0452,15,2
U0452,16,15
U0452,17,1
U0452,18,2
U0453,1,1
U0453,2,2
U0453,3,1
U0453,4,8
U0453,6,3
U0453,7,1
U0453,8,1
U0453,9,1
U0453,10,6
U0453,13,2
U0453,14,3
U0453,15,1
U0453,16,3
U0453,17,5
U0453,18,7
U0453,20,1
U0454,1,3
U0454,3,1
U0454,4,6
U0454,7,1
U0454,8,3
U0454,9,2
U0454,11,1
U0454,14,1
U0454,15,3
U0454,16,2
U0454,17,1
U0454,18,12
U0454,19,2
U0454,20,2
U0455,1,4
U0455,2,1
U0455,3,2
U0455,5,5
U0455,7,2
U0455,9,2
U0455,10,1
U0455,11,2
U0455,12,2
U0455,13,2
U0455,14,1
U0455,17,2
U0455,18,2
U0455,20,1
U0456,1,1
U0456,3,1
U0456,4,3
U0456,5,3
U0456,6,8
U0456,7,15
U0456,8,2
U0456,11,3
U0456,12,3
U0456,15,2
U0456,16,2
U0456,17,10
U0456,18,4
U0456,20,3
U0457,1,3
U0457,3,2
U0457,5,1
U0457,7,1
U0457,8,1
U0457,9,1
U0457,12,3
U0457,16,5
U0457,20,1
U0458,1,1
U0458,2,3
U0458,9,5
U0458,10,5
U0458,11,1
U0458,12,1
U0458,14,1
U0458,15,2
U0458,17,1
U0458,18,3
U0458,19,2
U0459,1,2
U0459,2,12
U0459,3,2
U0459,4,3
U0459,5,12
U0459,6,2
U0459,8,1
U0459,10,1
U0459,13,4
U0459,14,5
U0459,15,1
U0459,16,1
U0459,17,11
U0459,19,8
U0459,20,2
U0460,3,3
U0460,5,2
U0460,6,1
U0460,9,4
U0460,10,3
U0460,11,15
U0460,12,3
U0460,13,2
U0460,16,2
U0460,17,4
U0460,18,1
U0460,20,2
U0461,1,1
U0461,3,1
U0461,4,1
U0461,8,1
U0461,9,1
U0461,12,1
U0461,13,11
U0461,14,1
U0461,15,1
U0461,17,2
U0461,18,1
U0462,2,3
U0462,3,1
U0462,4,2
U0462,6,5
U0462,7,2
U0462,9,2
U0462,10,1
U0462,11,1
U0462,14,3
U0462,15,2
U0462,16,1
U0462,17,1
U0462,18,10
U0462,20,2
U0463,2,3
U0463,3,5
U0463,4,2
U0463,5,1
U0463,6,1
U0463,7,2
U0463,9,10
U0463,10,5
U0463,11,5
U0463,12,3
U0463,13,2
U0463,14,1
U0463,16,1
U0463,17,3
U0463,19,1
U0463,20,3
U0464,2,2
U0464,3,2
U0464,6,1
U0464,9,2
U0464,10,1
U0464,12,1
U0464,14,1
U0464,15,2
U0464,17,1
U0464,18,8
U0464,20,1
U0465,3,5
U0465,8,1
U0465,11,1
U0465,12,1
U0465,13,1
U0465,14,5
U0465,15,1
U0465,16,1
U0465,19,1
U0465,20,2
U0466,1,4
U0466,2,6
U0466,4,1
U0466,5,1
U0466,6,7
U0466,7,5
U0466,8,1
U0466,9,3
U0466,10,5
U0466,11,1
U0466,13,2
U0466,14,3
U0466,18,5
U0466,19,1
U0467,1,5
U0467,2,11
U0467,4,1
U0467,6,2
U0467,7,1
U0467,8,1
U0467,10,1
U0467,11,1
U0467,13,4
U0467,14,1
U0467,15,3
U0467,16,3
U0467,18,1
U0467,19,2
U0467,20,2
U0468,1,2
U0468,2,2
U0468,3,8
U0468,4,10
U0468,5,2
U0468,6,2
U0468,8,1
U0468,10,1
U0468,14,4
U0468,17,1
U0468,18,2
U0468,19,12
U0469,2,3
U0469,5,2
U0469,10,2
U0469,13,1
U0469,15,1
U0469,17,3
U0469,18,1
U0469,20,2
U0470,3,1
U0470,4,5
U0470,7,1
U0470,9,2
U0470,10,3
U0470,13,1
U0470,14,2
U0470,16,2
U0470,17,1
U0470,18,1
U0470,19,6
U0470,20,2
U0471,1,1
U0471,2,10
U0471,5,2
U0471,7,5
U0471,8,5
U0471,9,11
U0471,10,1
U0471,15,3
U0471,18,1
U0472,1,2
U0472,2,14
U0472,3,1
U0472,6,3
U0472,8,1
U0472,9,2
U0472,10,1
U0472,12,3
U0472,14,5
U0472,17,5
U0472,18,1
U0472,19,3
U0473,1,2
U0473,2,5
U0473,4,3
U0473,6,1
U0473,7,13
U0473,9,2
U0473,10,6
U0473,13,1
U0473,16,5
U0473,18,2
U0474,1,2
U0474,2,2
U0474,3,4
U0474,6,1
U0474,7,1
U0474,11,1
U0474,13,2
U0474,14,1
U0474,15,1
U0474,16,2
U0474,18,2
U0474,19,2
U0475,1,1
U0475,5,2
U0475,6,1
U0475,7,6
U0475,8,2
U0475,10,6
U0475,12,1
U0475,14,6
U0475,16,2
U0475,17,5
U0475,18,2
U0475,19,2
U0476,2,5
U0476,3,1
U0476,4,5
U0476,5,2
U0476,6,10
U0476,9,3
U0476,11,6
U0476,12,1
U0476,14,2
U0476,17,5
U0476,18,3
U0476,19,1
U0476,20,10
U0477,1,4
U0477,2,12
U0477,4,7
U0477,5,1
U0477,6,2
U0477,7,1
U0477,9,5
U0477,10,1
U0477,12,11
U0477,14,1
U0477,15,2
U0477,16,1
U0477,18,1
U0477,19,2
U0477,20,1
U0478,1,4
U0478,2,1
U0478,3,8
U0478,6,1
U0478,7,1
U0478,8,1
U0478,9,1
U0478,10,3
U0478,13,3
U0478,14,5
U0478,15,2
U0478,17,1
U0478,18,1
U0478,20,2
U0479,1,2
U0479,2,1
U0479,3,10
U0479,4,3
U0479,5,1
U0479,7,14
U0479,9,12
U0479,10,3
U0479,11,3
U0479,12,2
U0479,13,3
U0479,14,5
U0479,16,1
U0479,17,1
U0479,20,2
U0480,1,1
U0480,2,1
U0480,4,1
U0480,6,2
U0480,7,2
U0480,10,1
U0480,11,1
U0480,12,1
U0480,15,1
U0480,16,3
U0480,17,7
U0480,19,1
U0480,20,14
U0481,1,6
U0481,2,1
U0481,3,10
U0481,4,1
U0481,6,2
U0481,7,2
U0481,9,6
U0481,11,1
U0481,14,10
U0481,17,2
U0481,20,1
U0482,2,9
U0482,3,1
U0482,5,1
U0482,6,1
U0482,7,1
U0482,8,1
U0482,10,12
U0482,11,1
U0482,15,12
U0482,16,4
U0482,17,2
U0483,1,1
U0483,4,4
U0483,5,2
U0483,7,1
U0483,9,7
U0483,10,6
U0483,12,5
U0483,13,1
U0483,15,1
U0483,16,1
U0483,17,10
U0483,18,3
U0483,19,1
U0484,2,1
U0484,5,8
U0484,7,1
U0484,8,1
U0484,10,2
U0484,11,8
U0484,12,3
U0484,14,5
U0484,15,1
U0484,16,1
U0484,19,4
U0484,20,2
U0485,3,2
U0485,4,10
U0485,6,1
U0485,7,1
U0485,8,2
U0485,10,2
U0485,11,2
U0485,12,2
U0485,13,2
U0485,14,6
U0485,16,7
U0485,18,2
U0485,19,1
U0486,1,2
U0486,3,1
U0486,4,1
U0486,5,4
U0486,6,2
U0486,8,11
U0486,9,5
U0486,11,1
U0486,12,1
U0486,15,5
U0486,16,2
U0486,18,11
U0486,19,1
U0486,20,2
U0487,1,6
U0487,2,3
U0487,3,4
U0487,6,1
U0487,8,1
U0487,12,12
U0487,13,11
U0487,15,3
U0487,16,1
U0487,17,2
U0487,18,3
U0487,19,2
U0487,20,1
U0488,3,1
U0488,4,1
U0488,5,9
U0488,7,1
U0488,8,1
U0488,9,1
U0488,10,3
U0488,11,3
U0488,15,1
U0488,16,1
U0488,18,5
U0488,20,1
U0489,1,1
U0489,2,2
U0489,4,1
U0489,6,2
U0489,7,2
U0489,8,2
U0489,9,2
U0489,12,1
U0489,13,4
U0489,14,2
U0489,15,5
U0489,16,2
U0489,17,2
U0489,18,3
U0489,19,1
U0489,20,1
U0490,1,4
U0490,3,2
U0490,5,2
U0490,8,6
U0490,9,10
U0490,12,3
U0490,13,2
U0490,14,7
U0490,15,2
U0490,18,2
U0490,19,5
U0490,20,14
U0491,1,12
U0491,3,2
U0491,4,2
U0491,5,2
U0491,6,1
U0491,8,2
U0491,9,2
U0491,10,1
U0491,11,1
U0491,14,1
U0491,18,5
U0491,19,1
U0491,20,1
U0492,1,1
U0492,2,1
U0492,3,1
U0492,4,1
U0492,5,2
U0492,7,1
U0492,9,2
U0492,11,1
U0492,12,1
U0492,13,5
U0492,15,1
U0492,16,2
U0492,17,1
U0492,18,1
U0492,19,1
U0492,20,1
U0493,1,5
U0493,2,2
U0493,3,6
U0493,4,1
U0493,6,2
U0493,8,4
U0493,9,3
U0493,10,3
U0493,13,1
U0493,17,2
U0493,18,1
U0493,19,4
U0493,20,1
U0494,1,3
U0494,3,5
U0494,6,2
U0494,9,2
U0494,10,5
U0494,11,2
U0494,12,1
U0494,13,1
U0494,14,3
U0494,15,2
U0494,16,4
U0494,18,3
U0494,19,15
U0494,20,1
U0495,1,5
U0495,3,3
U0495,4,4
U0495,6,1
U0495,7,2
U0495,8,2
U0495,9,1
U0495,10,2
U0495,13,4
U0495,15,13
U0495,16,2
U0495,18,4
U0495,19,2
U0495,20,2
U0496,1,2
U0496,7,13
U0496,8,2
U0496,9,1
U0496,10,2
U0496,12,1
U0496,15,2
U0496,16,3
U0496,17,1
U0496,19,5
U0496,20,1
U0497,1,1
U0497,2,1
U0497,3,4
U0497,5,3
U0497,6,1
U0497,7,12
U0497,8,2
U0497,9,1
U0497,10,2
U0497,12,2
U0497,14,1
U0497,16,2
U0497,19,2
U0497,20,2
U0498,2,5
U0498,4,2
U0498,5,1
U0498,6,3
U0498,7,2
U0498,8,2
U0498,10,5
U0498,13,1
U0498,15,2
U0498,16,1
U0498,20,1
U0499,1,1
U0499,3,10
U0499,5,3
U0499,6,2
U0499,7,3
U0499,10,1
U0499,11,1
U0499,12,2
U0499,14,1
U0499,15,1
U0499,17,1
U0499,19,1
U0500,1,1
U0500,2,3
U0500,5,3
U0500,8,10
U0500,10,4
U0500,11,1
U0500,13,2
U0500,14,4
U0500,16,2
U0500,17,2
U0500,18,3
U0500,20,1
